trial,fp_count
0,117
1,102
2,118
3,134
4,125
5,125
6,124
7,117
8,132
9,112
10,106
11,111
12,106
13,123
14,132
15,134
16,125
17,111
18,102
19,131
20,103
21,121
22,123
23,118
24,110
25,109
26,117
27,123
28,128
29,114
30,120
31,112
32,138
33,103
34,125
35,129
36,116
37,121
38,142
39,117
40,124
41,111
42,138
43,117
44,124
45,118
46,119
47,126
48,150
49,118
50,138
51,145
52,118
53,123
54,117
55,123
56,111
57,109
58,113
59,126
60,132
61,132
62,132
63,132
64,134
65,102
66,109
67,101
68,123
69,113
70,133
71,104
72,117
73,106
74,105
75,114
76,135
77,120
78,121
79,115
80,106
81,122
82,104
83,125
84,108
85,111
86,135
87,130
88,133
89,116
90,108
91,112
92,114
93,113
94,133
95,128
96,110
97,114
98,129
99,118
100,122
101,130
102,139
103,137
104,139
105,130
106,110
107,121
108,117
109,133
110,103
111,112
112,126
113,120
114,132
115,116
116,111
117,116
118,122
119,126
120,98
121,123
122,115
123,117
124,120
125,132
126,105
127,126
128,107
129,118
130,114
131,124
132,112
133,119
134,119
135,111
136,118
137,112
138,119
139,109
140,119
141,125
142,109
143,112
144,136
145,121
146,132
147,121
148,131
149,135
150,121
151,122
152,120
153,132
154,118
155,125
156,116
157,123
158,121
159,133
160,122
161,139
162,119
163,120
164,121
165,117
166,121
167,118
168,98
169,119
170,121
171,105
172,107
173,105
174,112
175,124
176,117
177,128
178,129
179,119
180,113
181,107
182,124
183,102
184,116
185,112
186,132
187,111
188,130
189,109
190,121
191,110
192,120
193,98
194,131
195,111
196,99
197,137
198,116
199,124
200,107
201,110
202,153
203,138
204,109
205,117
206,111
207,115
208,140
209,121
210,131
211,128
212,140
213,102
214,104
215,128
216,139
217,127
218,118
219,114
220,107
221,132
222,118
223,102
224,146
225,129
226,125
227,117
228,122
229,132
230,143
231,134
232,135
233,127
234,136
235,120
236,133
237,147
238,113
239,122
240,125
241,107
242,129
243,134
244,133
245,129
246,108
247,129
248,123
249,125
250,121
251,142
252,127
253,142
254,134
255,118
256,117
257,128
258,122
259,123
260,113
261,113
262,117
263,122
264,114
265,136
266,121
267,106
268,110
269,107
270,123
271,107
272,113
273,113
274,112
275,127
276,114
277,113
278,129
279,127
280,122
281,118
282,122
283,113
284,121
285,112
286,126
287,127
288,108
289,111
290,107
291,127
292,120
293,106
294,105
295,97
296,124
297,119
298,133
299,143
300,118
301,116
302,120
303,105
304,129
305,150
306,134
307,128
308,117
309,120
310,112
311,129
312,125
313,138
314,116
315,145
316,128
317,122
318,122
319,122
320,113
321,129
322,118
323,115
324,126
325,113
326,124
327,125
328,120
329,107
330,113
331,112
332,120
333,114
334,122
335,105
336,126
337,115
338,132
339,119
340,115
341,120
342,116
343,126
344,104
345,117
346,117
347,119
348,147
349,128
350,104
351,120
352,122
353,115
354,111
355,134
356,123
357,122
358,125
359,107
360,128
361,117
362,112
363,105
364,116
365,124
366,131
367,115
368,121
369,102
370,128
371,101
372,126
373,126
374,111
375,139
376,116
377,112
378,150
379,128
380,120
381,126
382,120
383,114
384,121
385,129
386,103
387,125
388,98
389,121
390,126
391,126
392,108
393,99
394,119
395,147
396,143
397,99
398,165
399,107
400,104
401,116
402,110
403,139
404,102
405,119
406,121
407,106
408,124
409,118
410,128
411,140
412,136
413,138
414,111
415,110
416,123
417,116
418,131
419,132
420,117
421,116
422,124
423,117
424,117
425,114
426,132
427,123
428,112
429,113
430,122
431,145
432,119
433,130
434,140
435,107
436,105
437,105
438,143
439,114
440,127
441,112
442,118
443,114
444,119
445,116
446,98
447,130
448,122
449,129
450,127
451,127
452,103
453,120
454,101
455,109
456,121
457,125
458,102
459,115
460,113
461,119
462,131
463,132
464,124
465,112
466,133
467,117
468,110
469,135
470,126
471,132
472,114
473,115
474,103
475,114
476,122
477,105
478,122
479,125
480,116
481,115
482,146
483,121
484,118
485,125
486,113
487,121
488,111
489,104
490,121
491,114
492,109
493,125
494,112
495,128
496,107
497,141
498,117
499,148
500,122
501,124
502,107
503,125
504,121
505,103
506,131
507,134
508,95
509,120
510,123
511,143
512,121
513,117
514,105
515,106
516,122
517,116
518,118
519,117
520,120
521,117
522,125
523,128
524,119
525,118
526,140
527,107
528,117
529,137
530,139
531,115
532,120
533,131
534,116
535,108
536,123
537,126
538,117
539,121
540,106
541,136
542,118
543,121
544,119
545,120
546,136
547,135
548,128
549,125
550,126
551,122
552,122
553,114
554,118
555,130
556,119
557,97
558,137
559,124
560,96
561,127
562,105
563,126
564,119
565,153
566,120
567,99
568,113
569,116
570,124
571,139
572,116
573,138
574,116
575,117
576,110
577,103
578,125
579,130
580,110
581,125
582,119
583,128
584,129
585,136
586,108
587,111
588,121
589,109
590,114
591,106
592,129
593,115
594,123
595,136
596,120
597,119
598,138
599,127
600,114
601,114
602,123
603,110
604,123
605,125
606,116
607,116
608,127
609,107
610,112
611,119
612,97
613,107
614,113
615,120
616,118
617,127
618,122
619,114
620,117
621,112
622,127
623,120
624,126
625,123
626,117
627,107
628,131
629,122
630,142
631,119
632,121
633,107
634,128
635,121
636,98
637,111
638,113
639,129
640,105
641,136
642,112
643,98
644,121
645,139
646,107
647,121
648,120
649,127
650,119
651,120
652,113
653,122
654,120
655,115
656,118
657,99
658,115
659,120
660,125
661,108
662,127
663,113
664,121
665,108
666,110
667,127
668,124
669,121
670,131
671,123
672,120
673,115
674,112
675,114
676,106
677,130
678,129
679,124
680,123
681,132
682,115
683,106
684,109
685,104
686,115
687,118
688,113
689,106
690,115
691,129
692,126
693,118
694,112
695,138
696,120
697,102
698,106
699,124
700,121
701,102
702,104
703,131
704,99
705,125
706,122
707,135
708,149
709,127
710,131
711,120
712,123
713,112
714,119
715,129
716,109
717,115
718,130
719,115
720,113
721,102
722,136
723,106
724,116
725,130
726,128
727,125
728,125
729,111
730,129
731,117
732,114
733,123
734,118
735,107
736,112
737,112
738,103
739,126
740,105
741,124
742,117
743,127
744,110
745,124
746,120
747,108
748,108
749,126
750,126
751,144
752,143
753,103
754,127
755,116
756,129
757,116
758,115
759,125
760,110
761,110
762,127
763,129
764,116
765,114
766,120
767,113
768,112
769,121
770,119
771,96
772,101
773,123
774,129
775,122
776,129
777,123
778,121
779,127
780,125
781,123
782,128
783,110
784,128
785,103
786,109
787,104
788,121
789,114
790,130
791,114
792,106
793,110
794,121
795,106
796,116
797,122
798,126
799,126
800,130
801,101
802,124
803,110
804,123
805,107
806,124
807,121
808,127
809,121
810,113
811,117
812,124
813,118
814,120
815,114
816,118
817,135
818,114
819,115
820,116
821,115
822,119
823,131
824,123
825,108
826,104
827,109
828,116
829,101
830,134
831,129
832,114
833,126
834,131
835,144
836,129
837,111
838,126
839,115
840,116
841,137
842,152
843,124
844,112
845,127
846,137
847,110
848,110
849,153
850,114
851,135
852,130
853,114
854,112
855,125
856,111
857,117
858,118
859,128
860,117
861,126
862,101
863,125
864,101
865,127
866,113
867,129
868,125
869,125
870,120
871,131
872,122
873,134
874,105
875,115
876,109
877,131
878,128
879,129
880,115
881,123
882,107
883,110
884,110
885,114
886,150
887,119
888,116
889,118
890,100
891,128
892,119
893,124
894,110
895,136
896,101
897,121
898,116
899,102
900,115
901,138
902,110
903,111
904,117
905,127
906,128
907,113
908,122
909,107
910,120
911,128
912,131
913,115
914,133
915,112
916,110
917,129
918,139
919,104
920,96
921,116
922,115
923,107
924,133
925,121
926,123
927,123
928,125
929,108
930,115
931,119
932,129
933,107
934,123
935,131
936,118
937,109
938,123
939,113
940,100
941,127
942,115
943,101
944,127
945,129
946,118
947,118
948,135
949,121
950,119
951,110
952,127
953,102
954,145
955,133
956,123
957,133
958,123
959,112
960,117
961,114
962,107
963,125
964,114
965,135
966,113
967,112
968,106
969,115
970,129
971,108
972,128
973,99
974,145
975,112
976,106
977,109
978,123
979,133
980,119
981,117
982,129
983,151
984,124
985,121
986,120
987,116
988,112
989,116
990,128
991,101
992,101
993,118
994,120
995,132
996,103
997,108
998,120
999,106
1000,112
1001,112
1002,126
1003,105
1004,129
1005,123
1006,107
1007,127
1008,116
1009,112
1010,125
1011,114
1012,107
1013,132
1014,121
1015,121
1016,128
1017,129
1018,96
1019,125
1020,113
1021,104
1022,122
1023,126
1024,119
1025,108
1026,114
1027,141
1028,129
1029,115
1030,118
1031,110
1032,119
1033,102
1034,119
1035,108
1036,115
1037,118
1038,137
1039,115
1040,112
1041,116
1042,106
1043,116
1044,114
1045,120
1046,109
1047,111
1048,119
1049,138
1050,137
1051,119
1052,120
1053,133
1054,105
1055,117
1056,102
1057,128
1058,130
1059,120
1060,133
1061,111
1062,119
1063,122
1064,120
1065,116
1066,106
1067,121
1068,117
1069,124
1070,109
1071,113
1072,126
1073,136
1074,121
1075,104
1076,118
1077,127
1078,123
1079,117
1080,122
1081,115
1082,112
1083,115
1084,131
1085,132
1086,123
1087,124
1088,95
1089,119
1090,136
1091,113
1092,115
1093,119
1094,116
1095,106
1096,126
1097,116
1098,142
1099,121
1100,131
1101,107
1102,96
1103,107
1104,120
1105,110
1106,111
1107,117
1108,120
1109,142
1110,117
1111,139
1112,130
1113,136
1114,114
1115,129
1116,120
1117,108
1118,124
1119,98
1120,101
1121,113
1122,105
1123,111
1124,121
1125,93
1126,113
1127,117
1128,127
1129,97
1130,113
1131,117
1132,117
1133,100
1134,102
1135,128
1136,132
1137,112
1138,115
1139,121
1140,118
1141,120
1142,126
1143,124
1144,112
1145,112
1146,118
1147,116
1148,129
1149,104
1150,127
1151,119
1152,112
1153,106
1154,108
1155,134
1156,139
1157,109
1158,105
1159,136
1160,137
1161,149
1162,111
1163,132
1164,140
1165,115
1166,146
1167,112
1168,128
1169,133
1170,113
1171,139
1172,119
1173,112
1174,122
1175,120
1176,106
1177,127
1178,124
1179,117
1180,120
1181,107
1182,108
1183,107
1184,135
1185,127
1186,120
1187,132
1188,110
1189,116
1190,115
1191,131
1192,127
1193,117
1194,115
1195,117
1196,99
1197,103
1198,137
1199,129
1200,125
1201,101
1202,127
1203,109
1204,100
1205,114
1206,114
1207,113
1208,149
1209,127
1210,119
1211,115
1212,116
1213,127
1214,112
1215,121
1216,111
1217,115
1218,134
1219,116
1220,121
1221,104
1222,123
1223,123
1224,113
1225,116
1226,128
1227,131
1228,104
1229,141
1230,123
1231,112
1232,109
1233,103
1234,126
1235,119
1236,118
1237,122
1238,134
1239,127
1240,120
1241,124
1242,115
1243,128
1244,124
1245,133
1246,138
1247,110
1248,117
1249,114
1250,139
1251,100
1252,107
1253,139
1254,132
1255,127
1256,138
1257,131
1258,124
1259,114
1260,101
1261,113
1262,112
1263,135
1264,110
1265,121
1266,126
1267,123
1268,109
1269,125
1270,137
1271,114
1272,122
1273,124
1274,148
1275,119
1276,119
1277,118
1278,129
1279,111
1280,123
1281,120
1282,130
1283,127
1284,125
1285,138
1286,101
1287,111
1288,122
1289,121
1290,120
1291,116
1292,133
1293,130
1294,120
1295,120
1296,105
1297,125
1298,113
1299,118
1300,130
1301,134
1302,129
1303,118
1304,108
1305,110
1306,108
1307,138
1308,123
1309,122
1310,130
1311,116
1312,123
1313,128
1314,127
1315,127
1316,113
1317,121
1318,105
1319,119
1320,107
1321,126
1322,120
1323,126
1324,114
1325,135
1326,130
1327,119
1328,110
1329,138
1330,126
1331,124
1332,109
1333,115
1334,136
1335,143
1336,118
1337,124
1338,126
1339,94
1340,123
1341,119
1342,99
1343,126
1344,114
1345,127
1346,128
1347,123
1348,140
1349,122
1350,121
1351,120
1352,133
1353,114
1354,133
1355,121
1356,102
1357,114
1358,111
1359,110
1360,129
1361,134
1362,124
1363,128
1364,124
1365,114
1366,112
1367,143
1368,129
1369,114
1370,121
1371,88
1372,118
1373,122
1374,114
1375,115
1376,133
1377,128
1378,103
1379,109
1380,116
1381,118
1382,104
1383,109
1384,140
1385,112
1386,111
1387,116
1388,113
1389,131
1390,122
1391,115
1392,123
1393,121
1394,115
1395,133
1396,94
1397,115
1398,110
1399,117
1400,120
1401,111
1402,137
1403,125
1404,126
1405,124
1406,128
1407,105
1408,124
1409,122
1410,108
1411,119
1412,127
1413,130
1414,138
1415,120
1416,132
1417,113
1418,128
1419,111
1420,121
1421,136
1422,106
1423,118
1424,120
1425,113
1426,122
1427,139
1428,128
1429,113
1430,115
1431,127
1432,128
1433,115
1434,118
1435,114
1436,131
1437,146
1438,104
1439,126
1440,119
1441,107
1442,142
1443,117
1444,136
1445,112
1446,141
1447,125
1448,138
1449,118
1450,118
1451,112
1452,135
1453,132
1454,110
1455,111
1456,119
1457,120
1458,123
1459,126
1460,115
1461,118
1462,114
1463,113
1464,111
1465,133
1466,104
1467,103
1468,103
1469,110
1470,139
1471,113
1472,113
1473,122
1474,107
1475,112
1476,103
1477,104
1478,124
1479,122
1480,130
1481,124
1482,116
1483,108
1484,114
1485,105
1486,134
1487,114
1488,113
1489,123
1490,114
1491,119
1492,116
1493,100
1494,131
1495,122
1496,118
1497,115
1498,111
1499,119
1500,121
1501,120
1502,113
1503,121
1504,113
1505,113
1506,114
1507,106
1508,107
1509,110
1510,114
1511,112
1512,120
1513,125
1514,112
1515,109
1516,139
1517,113
1518,123
1519,93
1520,114
1521,117
1522,121
1523,120
1524,116
1525,120
1526,99
1527,113
1528,116
1529,122
1530,101
1531,122
1532,126
1533,126
1534,122
1535,128
1536,111
1537,109
1538,127
1539,129
1540,110
1541,119
1542,128
1543,126
1544,110
1545,128
1546,111
1547,107
1548,130
1549,126
1550,106
1551,127
1552,115
1553,114
1554,117
1555,126
1556,132
1557,115
1558,111
1559,129
1560,121
1561,112
1562,118
1563,132
1564,127
1565,119
1566,94
1567,103
1568,130
1569,115
1570,123
1571,143
1572,130
1573,116
1574,136
1575,110
1576,93
1577,100
1578,131
1579,129
1580,126
1581,125
1582,110
1583,109
1584,124
1585,137
1586,106
1587,118
1588,123
1589,132
1590,127
1591,125
1592,116
1593,111
1594,113
1595,103
1596,104
1597,124
1598,121
1599,124
1600,130
1601,137
1602,111
1603,108
1604,119
1605,110
1606,108
1607,116
1608,121
1609,141
1610,117
1611,126
1612,127
1613,133
1614,132
1615,109
1616,107
1617,118
1618,127
1619,119
1620,125
1621,110
1622,121
1623,159
1624,99
1625,131
1626,130
1627,139
1628,121
1629,128
1630,119
1631,120
1632,120
1633,99
1634,113
1635,116
1636,122
1637,129
1638,113
1639,122
1640,130
1641,119
1642,124
1643,105
1644,127
1645,124
1646,118
1647,117
1648,132
1649,123
1650,125
1651,122
1652,128
1653,117
1654,110
1655,124
1656,124
1657,122
1658,125
1659,127
1660,129
1661,117
1662,123
1663,120
1664,140
1665,122
1666,117
1667,112
1668,120
1669,109
1670,119
1671,142
1672,107
1673,121
1674,137
1675,113
1676,125
1677,117
1678,114
1679,117
1680,107
1681,112
1682,121
1683,126
1684,117
1685,119
1686,118
1687,124
1688,127
1689,122
1690,132
1691,114
1692,129
1693,125
1694,114
1695,109
1696,133
1697,109
1698,112
1699,127
1700,120
1701,115
1702,131
1703,114
1704,113
1705,117
1706,136
1707,130
1708,140
1709,103
1710,114
1711,114
1712,117
1713,133
1714,114
1715,117
1716,132
1717,134
1718,118
1719,116
1720,123
1721,137
1722,98
1723,121
1724,125
1725,120
1726,121
1727,128
1728,141
1729,114
1730,132
1731,133
1732,138
1733,121
1734,123
1735,131
1736,105
1737,127
1738,113
1739,126
1740,110
1741,112
1742,134
1743,116
1744,133
1745,105
1746,122
1747,110
1748,93
1749,136
1750,117
1751,116
1752,118
1753,130
1754,120
1755,124
1756,111
1757,129
1758,116
1759,101
1760,132
1761,110
1762,123
1763,125
1764,118
1765,126
1766,120
1767,116
1768,105
1769,110
1770,134
1771,126
1772,105
1773,124
1774,129
1775,114
1776,108
1777,112
1778,127
1779,113
1780,130
1781,129
1782,117
1783,119
1784,110
1785,130
1786,117
1787,120
1788,120
1789,134
1790,113
1791,127
1792,130
1793,100
1794,117
1795,114
1796,107
1797,115
1798,134
1799,123
1800,113
1801,129
1802,98
1803,117
1804,112
1805,88
1806,115
1807,107
1808,123
1809,120
1810,120
1811,133
1812,109
1813,138
1814,130
1815,108
1816,116
1817,102
1818,114
1819,126
1820,140
1821,107
1822,106
1823,141
1824,116
1825,108
1826,114
1827,125
1828,116
1829,119
1830,113
1831,115
1832,126
1833,102
1834,125
1835,113
1836,108
1837,112
1838,115
1839,123
1840,120
1841,118
1842,118
1843,117
1844,114
1845,129
1846,113
1847,124
1848,123
1849,100
1850,126
1851,116
1852,128
1853,126
1854,107
1855,114
1856,142
1857,160
1858,106
1859,112
1860,113
1861,130
1862,130
1863,124
1864,121
1865,131
1866,112
1867,142
1868,111
1869,125
1870,138
1871,121
1872,131
1873,119
1874,122
1875,118
1876,121
1877,117
1878,118
1879,101
1880,138
1881,113
1882,126
1883,145
1884,129
1885,116
1886,110
1887,114
1888,113
1889,131
1890,108
1891,117
1892,126
1893,117
1894,149
1895,110
1896,113
1897,108
1898,98
1899,107
1900,117
1901,147
1902,145
1903,122
1904,114
1905,119
1906,109
1907,135
1908,129
1909,121
1910,108
1911,109
1912,117
1913,116
1914,115
1915,123
1916,128
1917,120
1918,117
1919,132
1920,105
1921,118
1922,114
1923,131
1924,119
1925,122
1926,133
1927,147
1928,108
1929,123
1930,132
1931,126
1932,125
1933,134
1934,126
1935,122
1936,131
1937,120
1938,126
1939,136
1940,108
1941,136
1942,118
1943,133
1944,120
1945,123
1946,124
1947,114
1948,131
1949,109
1950,126
1951,149
1952,110
1953,114
1954,101
1955,112
1956,124
1957,112
1958,130
1959,106
1960,112
1961,121
1962,113
1963,104
1964,118
1965,113
1966,98
1967,114
1968,105
1969,119
1970,105
1971,133
1972,134
1973,125
1974,127
1975,117
1976,125
1977,126
1978,118
1979,117
1980,111
1981,130
1982,116
1983,105
1984,90
1985,125
1986,127
1987,113
1988,114
1989,121
1990,122
1991,107
1992,124
1993,106
1994,130
1995,130
1996,114
1997,114
1998,123
1999,149
2000,106
2001,118
2002,120
2003,122
2004,128
2005,130
2006,98
2007,120
2008,119
2009,128
2010,128
2011,114
2012,116
2013,132
2014,116
2015,122
2016,134
2017,133
2018,114
2019,124
2020,119
2021,114
2022,127
2023,124
2024,118
2025,125
2026,141
2027,100
2028,120
2029,124
2030,114
2031,135
2032,111
2033,129
2034,143
2035,114
2036,131
2037,107
2038,110
2039,128
2040,133
2041,131
2042,124
2043,111
2044,110
2045,115
2046,96
2047,113
2048,126
2049,123
2050,136
2051,128
2052,118
2053,113
2054,137
2055,115
2056,114
2057,124
2058,119
2059,121
2060,138
2061,115
2062,110
2063,94
2064,117
2065,119
2066,107
2067,114
2068,122
2069,117
2070,111
2071,125
2072,130
2073,114
2074,122
2075,129
2076,110
2077,131
2078,134
2079,115
2080,115
2081,118
2082,112
2083,103
2084,96
2085,127
2086,137
2087,114
2088,119
2089,128
2090,102
2091,114
2092,114
2093,112
2094,96
2095,125
2096,127
2097,107
2098,125
2099,116
2100,122
2101,146
2102,106
2103,133
2104,145
2105,96
2106,114
2107,118
2108,131
2109,119
2110,105
2111,143
2112,133
2113,125
2114,102
2115,116
2116,124
2117,149
2118,101
2119,134
2120,123
2121,123
2122,139
2123,131
2124,131
2125,116
2126,115
2127,118
2128,132
2129,126
2130,125
2131,136
2132,124
2133,117
2134,134
2135,126
2136,116
2137,131
2138,128
2139,126
2140,133
2141,115
2142,109
2143,122
2144,121
2145,111
2146,106
2147,127
2148,116
2149,124
2150,98
2151,123
2152,122
2153,101
2154,126
2155,116
2156,106
2157,122
2158,119
2159,153
2160,124
2161,110
2162,103
2163,109
2164,122
2165,124
2166,125
2167,123
2168,136
2169,130
2170,125
2171,125
2172,150
2173,118
2174,131
2175,112
2176,150
2177,117
2178,125
2179,105
2180,109
2181,115
2182,117
2183,120
2184,125
2185,137
2186,118
2187,122
2188,121
2189,108
2190,122
2191,108
2192,115
2193,125
2194,110
2195,127
2196,121
2197,109
2198,130
2199,103
2200,102
2201,123
2202,101
2203,125
2204,137
2205,100
2206,115
2207,104
2208,118
2209,121
2210,122
2211,106
2212,117
2213,105
2214,113
2215,117
2216,97
2217,118
2218,120
2219,124
2220,105
2221,112
2222,123
2223,110
2224,117
2225,110
2226,123
2227,128
2228,116
2229,124
2230,109
2231,120
2232,121
2233,120
2234,109
2235,127
2236,116
2237,120
2238,118
2239,131
2240,115
2241,110
2242,125
2243,130
2244,127
2245,102
2246,124
2247,124
2248,108
2249,135
2250,119
2251,106
2252,104
2253,105
2254,133
2255,95
2256,106
2257,120
2258,105
2259,116
2260,121
2261,101
2262,112
2263,111
2264,125
2265,92
2266,148
2267,105
2268,118
2269,112
2270,104
2271,112
2272,127
2273,117
2274,134
2275,108
2276,124
2277,134
2278,99
2279,119
2280,119
2281,139
2282,133
2283,116
2284,113
2285,126
2286,92
2287,127
2288,111
2289,139
2290,102
2291,113
2292,134
2293,126
2294,113
2295,117
2296,126
2297,129
2298,128
2299,140
2300,130
2301,125
2302,113
2303,109
2304,126
2305,120
2306,117
2307,133
2308,127
2309,126
2310,111
2311,122
2312,118
2313,124
2314,119
2315,103
2316,114
2317,105
2318,105
2319,126
2320,120
2321,129
2322,123
2323,121
2324,116
2325,125
2326,133
2327,132
2328,118
2329,122
2330,129
2331,127
2332,125
2333,101
2334,133
2335,143
2336,132
2337,115
2338,105
2339,105
2340,123
2341,120
2342,108
2343,115
2344,135
2345,132
2346,118
2347,154
2348,138
2349,101
2350,116
2351,141
2352,120
2353,131
2354,97
2355,122
2356,131
2357,121
2358,110
2359,141
2360,115
2361,125
2362,122
2363,143
2364,109
2365,121
2366,109
2367,94
2368,130
2369,120
2370,128
2371,132
2372,118
2373,119
2374,122
2375,101
2376,118
2377,115
2378,127
2379,118
2380,126
2381,120
2382,118
2383,100
2384,115
2385,103
2386,120
2387,128
2388,142
2389,108
2390,110
2391,116
2392,112
2393,113
2394,133
2395,132
2396,119
2397,112
2398,113
2399,125
2400,123
2401,130
2402,110
2403,107
2404,122
2405,118
2406,110
2407,122
2408,114
2409,123
2410,118
2411,105
2412,106
2413,102
2414,97
2415,95
2416,136
2417,112
2418,117
2419,124
2420,123
2421,123
2422,132
2423,119
2424,111
2425,103
2426,119
2427,119
2428,130
2429,121
2430,126
2431,124
2432,131
2433,127
2434,105
2435,132
2436,117
2437,133
2438,117
2439,103
2440,124
2441,114
2442,112
2443,109
2444,127
2445,123
2446,143
2447,114
2448,133
2449,103
2450,115
2451,124
2452,121
2453,134
2454,126
2455,132
2456,125
2457,111
2458,118
2459,120
2460,128
2461,119
2462,110
2463,126
2464,100
2465,111
2466,110
2467,120
2468,113
2469,126
2470,107
2471,94
2472,118
2473,115
2474,97
2475,118
2476,125
2477,127
2478,123
2479,120
2480,113
2481,96
2482,132
2483,122
2484,106
2485,97
2486,111
2487,109
2488,137
2489,117
2490,125
2491,120
2492,111
2493,118
2494,121
2495,123
2496,108
2497,116
2498,119
2499,118
2500,141
2501,110
2502,110
2503,120
2504,116
2505,123
2506,103
2507,118
2508,125
2509,96
2510,135
2511,126
2512,102
2513,125
2514,113
2515,118
2516,128
2517,126
2518,115
2519,108
2520,114
2521,125
2522,127
2523,135
2524,117
2525,124
2526,114
2527,136
2528,127
2529,124
2530,145
2531,89
2532,124
2533,113
2534,119
2535,124
2536,123
2537,133
2538,136
2539,135
2540,129
2541,125
2542,126
2543,103
2544,138
2545,116
2546,125
2547,120
2548,122
2549,121
2550,125
2551,125
2552,135
2553,113
2554,100
2555,121
2556,130
2557,122
2558,114
2559,129
2560,121
2561,115
2562,125
2563,121
2564,127
2565,113
2566,112
2567,128
2568,129
2569,89
2570,125
2571,123
2572,92
2573,122
2574,126
2575,121
2576,109
2577,120
2578,126
2579,107
2580,128
2581,110
2582,131
2583,136
2584,139
2585,129
2586,122
2587,126
2588,106
2589,106
2590,108
2591,113
2592,123
2593,126
2594,131
2595,122
2596,129
2597,114
2598,121
2599,119
2600,119
2601,135
2602,113
2603,100
2604,117
2605,111
2606,136
2607,116
2608,120
2609,118
2610,134
2611,123
2612,131
2613,114
2614,129
2615,119
2616,116
2617,118
2618,124
2619,125
2620,125
2621,129
2622,127
2623,123
2624,124
2625,111
2626,106
2627,127
2628,130
2629,123
2630,122
2631,119
2632,130
2633,115
2634,105
2635,133
2636,130
2637,121
2638,157
2639,115
2640,117
2641,129
2642,113
2643,121
2644,111
2645,103
2646,119
2647,93
2648,111
2649,119
2650,127
2651,136
2652,104
2653,125
2654,109
2655,112
2656,107
2657,112
2658,107
2659,124
2660,108
2661,116
2662,111
2663,125
2664,129
2665,113
2666,97
2667,116
2668,121
2669,112
2670,139
2671,105
2672,114
2673,129
2674,109
2675,132
2676,117
2677,108
2678,123
2679,119
2680,112
2681,130
2682,128
2683,129
2684,113
2685,119
2686,114
2687,128
2688,124
2689,116
2690,116
2691,123
2692,125
2693,119
2694,129
2695,120
2696,122
2697,90
2698,150
2699,131
2700,136
2701,124
2702,118
2703,125
2704,111
2705,107
2706,123
2707,129
2708,117
2709,120
2710,102
2711,130
2712,111
2713,122
2714,122
2715,118
2716,101
2717,122
2718,110
2719,133
2720,119
2721,117
2722,115
2723,124
2724,109
2725,125
2726,127
2727,113
2728,125
2729,102
2730,114
2731,128
2732,118
2733,90
2734,120
2735,108
2736,104
2737,141
2738,123
2739,121
2740,133
2741,131
2742,126
2743,110
2744,124
2745,101
2746,129
2747,121
2748,112
2749,106
2750,120
2751,125
2752,117
2753,99
2754,127
2755,118
2756,110
2757,129
2758,135
2759,125
2760,122
2761,111
2762,142
2763,117
2764,116
2765,131
2766,131
2767,120
2768,112
2769,112
2770,128
2771,115
2772,109
2773,161
2774,126
2775,109
2776,113
2777,123
2778,104
2779,133
2780,110
2781,132
2782,118
2783,122
2784,111
2785,93
2786,113
2787,103
2788,100
2789,142
2790,133
2791,131
2792,129
2793,121
2794,136
2795,119
2796,130
2797,113
2798,121
2799,133
2800,120
2801,109
2802,118
2803,132
2804,119
2805,148
2806,117
2807,97
2808,118
2809,123
2810,109
2811,115
2812,132
2813,112
2814,120
2815,99
2816,114
2817,114
2818,124
2819,96
2820,103
2821,125
2822,125
2823,113
2824,113
2825,140
2826,109
2827,142
2828,113
2829,150
2830,135
2831,124
2832,123
2833,127
2834,103
2835,148
2836,121
2837,119
2838,126
2839,130
2840,115
2841,127
2842,108
2843,150
2844,132
2845,116
2846,116
2847,116
2848,119
2849,108
2850,140
2851,121
2852,123
2853,119
2854,117
2855,122
2856,105
2857,114
2858,137
2859,123
2860,105
2861,99
2862,130
2863,113
2864,114
2865,117
2866,101
2867,118
2868,135
2869,133
2870,110
2871,114
2872,127
2873,109
2874,95
2875,120
2876,118
2877,128
2878,119
2879,139
2880,128
2881,124
2882,119
2883,129
2884,124
2885,124
2886,133
2887,128
2888,111
2889,104
2890,138
2891,127
2892,116
2893,115
2894,114
2895,92
2896,116
2897,118
2898,115
2899,122
2900,121
2901,108
2902,107
2903,103
2904,125
2905,109
2906,131
2907,114
2908,128
2909,121
2910,123
2911,97
2912,104
2913,107
2914,95
2915,111
2916,116
2917,128
2918,129
2919,124
2920,122
2921,118
2922,111
2923,131
2924,131
2925,114
2926,117
2927,105
2928,119
2929,128
2930,130
2931,121
2932,101
2933,117
2934,107
2935,115
2936,107
2937,137
2938,122
2939,111
2940,135
2941,103
2942,112
2943,130
2944,126
2945,109
2946,138
2947,134
2948,132
2949,111
2950,123
2951,109
2952,139
2953,121
2954,105
2955,112
2956,123
2957,114
2958,134
2959,127
2960,124
2961,144
2962,137
2963,113
2964,126
2965,129
2966,137
2967,112
2968,94
2969,125
2970,110
2971,120
2972,139
2973,119
2974,103
2975,120
2976,119
2977,121
2978,129
2979,107
2980,120
2981,128
2982,118
2983,115
2984,131
2985,120
2986,107
2987,106
2988,132
2989,127
2990,109
2991,127
2992,124
2993,115
2994,119
2995,132
2996,124
2997,107
2998,114
2999,117
3000,120
3001,101
3002,134
3003,139
3004,117
3005,127
3006,116
3007,111
3008,125
3009,131
3010,127
3011,107
3012,117
3013,129
3014,156
3015,122
3016,127
3017,115
3018,131
3019,137
3020,121
3021,108
3022,112
3023,108
3024,119
3025,116
3026,117
3027,108
3028,120
3029,123
3030,117
3031,122
3032,132
3033,100
3034,103
3035,111
3036,115
3037,94
3038,102
3039,127
3040,111
3041,113
3042,106
3043,127
3044,125
3045,113
3046,135
3047,121
3048,111
3049,101
3050,135
3051,118
3052,109
3053,107
3054,121
3055,103
3056,127
3057,115
3058,123
3059,97
3060,118
3061,101
3062,122
3063,118
3064,109
3065,125
3066,108
3067,127
3068,89
3069,115
3070,124
3071,115
3072,118
3073,118
3074,117
3075,121
3076,109
3077,109
3078,119
3079,118
3080,116
3081,108
3082,126
3083,106
3084,106
3085,114
3086,109
3087,110
3088,116
3089,130
3090,123
3091,127
3092,130
3093,131
3094,110
3095,102
3096,127
3097,108
3098,122
3099,127
3100,120
3101,122
3102,127
3103,120
3104,106
3105,128
3106,132
3107,128
3108,138
3109,126
3110,140
3111,117
3112,120
3113,133
3114,112
3115,106
3116,130
3117,109
3118,135
3119,123
3120,113
3121,113
3122,106
3123,118
3124,121
3125,143
3126,123
3127,132
3128,119
3129,96
3130,123
3131,127
3132,124
3133,131
3134,149
3135,112
3136,101
3137,112
3138,123
3139,104
3140,126
3141,134
3142,115
3143,122
3144,133
3145,105
3146,109
3147,105
3148,128
3149,107
3150,112
3151,121
3152,109
3153,99
3154,143
3155,116
3156,123
3157,109
3158,94
3159,106
3160,110
3161,127
3162,117
3163,136
3164,113
3165,101
3166,110
3167,128
3168,110
3169,146
3170,111
3171,133
3172,117
3173,127
3174,121
3175,127
3176,125
3177,125
3178,133
3179,113
3180,130
3181,122
3182,137
3183,109
3184,113
3185,104
3186,108
3187,100
3188,133
3189,130
3190,105
3191,119
3192,127
3193,104
3194,112
3195,121
3196,124
3197,120
3198,119
3199,110
3200,112
3201,125
3202,119
3203,113
3204,132
3205,110
3206,101
3207,128
3208,115
3209,112
3210,128
3211,103
3212,118
3213,141
3214,106
3215,102
3216,117
3217,108
3218,113
3219,123
3220,148
3221,117
3222,112
3223,104
3224,109
3225,110
3226,114
3227,125
3228,132
3229,111
3230,103
3231,125
3232,106
3233,115
3234,111
3235,111
3236,110
3237,114
3238,131
3239,112
3240,116
3241,140
3242,118
3243,111
3244,113
3245,122
3246,121
3247,117
3248,105
3249,134
3250,113
3251,116
3252,116
3253,111
3254,132
3255,127
3256,120
3257,109
3258,107
3259,129
3260,126
3261,125
3262,129
3263,122
3264,129
3265,114
3266,125
3267,122
3268,124
3269,115
3270,126
3271,139
3272,130
3273,119
3274,121
3275,111
3276,119
3277,136
3278,109
3279,131
3280,115
3281,106
3282,132
3283,99
3284,121
3285,100
3286,133
3287,131
3288,124
3289,138
3290,115
3291,126
3292,118
3293,127
3294,111
3295,125
3296,116
3297,131
3298,101
3299,123
3300,127
3301,109
3302,111
3303,137
3304,120
3305,137
3306,119
3307,130
3308,110
3309,132
3310,111
3311,110
3312,110
3313,125
3314,113
3315,132
3316,119
3317,101
3318,121
3319,125
3320,128
3321,119
3322,127
3323,116
3324,117
3325,131
3326,113
3327,106
3328,106
3329,132
3330,108
3331,128
3332,121
3333,125
3334,120
3335,121
3336,127
3337,132
3338,134
3339,114
3340,125
3341,116
3342,109
3343,92
3344,117
3345,103
3346,120
3347,135
3348,133
3349,108
3350,127
3351,101
3352,135
3353,123
3354,132
3355,93
3356,117
3357,130
3358,128
3359,137
3360,117
3361,144
3362,110
3363,114
3364,123
3365,116
3366,115
3367,111
3368,131
3369,124
3370,119
3371,125
3372,131
3373,112
3374,124
3375,110
3376,126
3377,113
3378,139
3379,109
3380,125
3381,122
3382,130
3383,117
3384,142
3385,105
3386,123
3387,105
3388,134
3389,120
3390,124
3391,104
3392,128
3393,120
3394,118
3395,108
3396,106
3397,136
3398,125
3399,132
3400,119
3401,101
3402,106
3403,125
3404,104
3405,113
3406,116
3407,136
3408,120
3409,114
3410,119
3411,139
3412,103
3413,118
3414,117
3415,114
3416,105
3417,124
3418,132
3419,117
3420,131
3421,110
3422,122
3423,126
3424,124
3425,128
3426,126
3427,113
3428,134
3429,127
3430,107
3431,129
3432,121
3433,124
3434,119
3435,128
3436,100
3437,123
3438,126
3439,104
3440,118
3441,140
3442,113
3443,127
3444,130
3445,117
3446,125
3447,122
3448,129
3449,101
3450,119
3451,128
3452,98
3453,110
3454,114
3455,108
3456,133
3457,123
3458,123
3459,114
3460,130
3461,148
3462,121
3463,104
3464,118
3465,115
3466,124
3467,112
3468,125
3469,113
3470,111
3471,112
3472,113
3473,108
3474,124
3475,125
3476,119
3477,114
3478,119
3479,122
3480,106
3481,112
3482,109
3483,135
3484,115
3485,125
3486,120
3487,124
3488,113
3489,113
3490,114
3491,109
3492,119
3493,106
3494,137
3495,103
3496,106
3497,133
3498,114
3499,131
3500,133
3501,139
3502,117
3503,146
3504,134
3505,139
3506,131
3507,111
3508,124
3509,134
3510,113
3511,105
3512,126
3513,120
3514,109
3515,119
3516,115
3517,107
3518,101
3519,102
3520,134
3521,91
3522,129
3523,115
3524,116
3525,117
3526,143
3527,115
3528,120
3529,129
3530,116
3531,114
3532,108
3533,113
3534,127
3535,115
3536,111
3537,140
3538,129
3539,109
3540,132
3541,98
3542,121
3543,131
3544,116
3545,127
3546,109
3547,122
3548,117
3549,111
3550,118
3551,124
3552,126
3553,116
3554,137
3555,108
3556,124
3557,137
3558,106
3559,117
3560,125
3561,104
3562,116
3563,116
3564,145
3565,117
3566,118
3567,116
3568,134
3569,110
3570,119
3571,113
3572,102
3573,115
3574,114
3575,128
3576,122
3577,110
3578,111
3579,133
3580,110
3581,132
3582,138
3583,118
3584,117
3585,124
3586,126
3587,113
3588,120
3589,120
3590,131
3591,99
3592,144
3593,121
3594,112
3595,120
3596,121
3597,110
3598,127
3599,134
3600,126
3601,121
3602,132
3603,125
3604,109
3605,129
3606,132
3607,115
3608,122
3609,120
3610,101
3611,107
3612,125
3613,127
3614,116
3615,110
3616,120
3617,107
3618,103
3619,130
3620,130
3621,114
3622,113
3623,117
3624,127
3625,117
3626,113
3627,131
3628,104
3629,117
3630,113
3631,128
3632,111
3633,120
3634,126
3635,111
3636,127
3637,99
3638,95
3639,105
3640,110
3641,116
3642,117
3643,121
3644,116
3645,107
3646,120
3647,128
3648,117
3649,123
3650,117
3651,136
3652,118
3653,110
3654,122
3655,122
3656,98
3657,99
3658,123
3659,110
3660,113
3661,124
3662,110
3663,121
3664,129
3665,121
3666,129
3667,118
3668,114
3669,120
3670,129
3671,148
3672,106
3673,133
3674,102
3675,104
3676,124
3677,104
3678,121
3679,126
3680,124
3681,118
3682,142
3683,106
3684,106
3685,122
3686,138
3687,91
3688,127
3689,110
3690,151
3691,101
3692,116
3693,109
3694,117
3695,115
3696,123
3697,120
3698,123
3699,104
3700,130
3701,104
3702,117
3703,133
3704,113
3705,119
3706,108
3707,120
3708,134
3709,139
3710,126
3711,131
3712,116
3713,106
3714,130
3715,117
3716,136
3717,116
3718,129
3719,108
3720,110
3721,118
3722,104
3723,126
3724,126
3725,121
3726,134
3727,112
3728,112
3729,120
3730,95
3731,129
3732,120
3733,125
3734,121
3735,117
3736,108
3737,138
3738,127
3739,122
3740,123
3741,126
3742,106
3743,122
3744,130
3745,117
3746,111
3747,128
3748,120
3749,105
3750,118
3751,118
3752,129
3753,120
3754,118
3755,103
3756,112
3757,104
3758,114
3759,124
3760,100
3761,121
3762,122
3763,127
3764,119
3765,128
3766,114
3767,110
3768,140
3769,128
3770,106
3771,106
3772,128
3773,124
3774,120
3775,123
3776,129
3777,139
3778,119
3779,119
3780,119
3781,116
3782,115
3783,113
3784,128
3785,123
3786,113
3787,121
3788,116
3789,128
3790,114
3791,99
3792,128
3793,141
3794,114
3795,123
3796,126
3797,113
3798,118
3799,115
3800,117
3801,127
3802,115
3803,112
3804,111
3805,106
3806,128
3807,121
3808,115
3809,111
3810,120
3811,128
3812,126
3813,119
3814,111
3815,125
3816,133
3817,121
3818,114
3819,113
3820,116
3821,111
3822,129
3823,130
3824,118
3825,113
3826,118
3827,115
3828,112
3829,125
3830,102
3831,142
3832,123
3833,105
3834,125
3835,135
3836,114
3837,134
3838,141
3839,144
3840,124
3841,119
3842,124
3843,131
3844,113
3845,122
3846,99
3847,125
3848,113
3849,115
3850,129
3851,123
3852,113
3853,118
3854,104
3855,116
3856,131
3857,123
3858,145
3859,101
3860,113
3861,118
3862,146
3863,124
3864,117
3865,118
3866,103
3867,111
3868,127
3869,97
3870,135
3871,119
3872,127
3873,97
3874,114
3875,128
3876,118
3877,115
3878,127
3879,133
3880,135
3881,127
3882,129
3883,115
3884,104
3885,131
3886,130
3887,120
3888,120
3889,122
3890,114
3891,133
3892,116
3893,131
3894,124
3895,126
3896,124
3897,120
3898,116
3899,108
3900,137
3901,106
3902,123
3903,130
3904,96
3905,107
3906,110
3907,121
3908,117
3909,123
3910,142
3911,134
3912,116
3913,116
3914,116
3915,119
3916,113
3917,117
3918,141
3919,104
3920,123
3921,126
3922,106
3923,105
3924,121
3925,108
3926,116
3927,129
3928,128
3929,98
3930,115
3931,113
3932,119
3933,96
3934,108
3935,141
3936,133
3937,118
3938,133
3939,111
3940,122
3941,132
3942,113
3943,129
3944,90
3945,121
3946,122
3947,128
3948,116
3949,108
3950,125
3951,113
3952,122
3953,130
3954,109
3955,119
3956,115
3957,129
3958,136
3959,132
3960,131
3961,107
3962,118
3963,117
3964,103
3965,113
3966,91
3967,111
3968,116
3969,110
3970,86
3971,97
3972,97
3973,132
3974,133
3975,118
3976,104
3977,104
3978,129
3979,135
3980,126
3981,131
3982,136
3983,107
3984,118
3985,139
3986,113
3987,124
3988,116
3989,142
3990,137
3991,133
3992,128
3993,117
3994,127
3995,122
3996,121
3997,115
3998,112
3999,116
4000,143
4001,89
4002,130
4003,110
4004,121
4005,128
4006,120
4007,121
4008,111
4009,124
4010,101
4011,96
4012,112
4013,138
4014,118
4015,97
4016,117
4017,115
4018,116
4019,109
4020,119
4021,114
4022,107
4023,132
4024,133
4025,119
4026,111
4027,102
4028,116
4029,114
4030,124
4031,139
4032,108
4033,108
4034,143
4035,122
4036,125
4037,124
4038,124
4039,87
4040,132
4041,104
4042,113
4043,125
4044,106
4045,115
4046,116
4047,118
4048,107
4049,126
4050,126
4051,127
4052,119
4053,108
4054,128
4055,112
4056,122
4057,122
4058,125
4059,116
4060,112
4061,131
4062,121
4063,118
4064,116
4065,119
4066,122
4067,117
4068,111
4069,118
4070,122
4071,118
4072,112
4073,123
4074,114
4075,107
4076,125
4077,129
4078,118
4079,132
4080,118
4081,125
4082,115
4083,115
4084,108
4085,130
4086,121
4087,96
4088,132
4089,134
4090,108
4091,132
4092,108
4093,124
4094,120
4095,99
4096,129
4097,111
4098,110
4099,133
4100,103
4101,115
4102,136
4103,124
4104,116
4105,112
4106,124
4107,114
4108,121
4109,117
4110,130
4111,99
4112,115
4113,120
4114,122
4115,143
4116,130
4117,118
4118,102
4119,126
4120,113
4121,117
4122,115
4123,112
4124,112
4125,121
4126,112
4127,121
4128,110
4129,117
4130,116
4131,105
4132,120
4133,111
4134,104
4135,102
4136,136
4137,130
4138,134
4139,120
4140,113
4141,123
4142,106
4143,140
4144,116
4145,123
4146,123
4147,115
4148,123
4149,96
4150,114
4151,134
4152,108
4153,140
4154,132
4155,121
4156,111
4157,113
4158,124
4159,116
4160,122
4161,106
4162,114
4163,108
4164,138
4165,112
4166,106
4167,113
4168,118
4169,105
4170,128
4171,126
4172,136
4173,115
4174,109
4175,139
4176,126
4177,95
4178,105
4179,101
4180,128
4181,107
4182,129
4183,127
4184,123
4185,126
4186,96
4187,122
4188,129
4189,127
4190,107
4191,123
4192,110
4193,116
4194,105
4195,133
4196,126
4197,131
4198,123
4199,99
4200,126
4201,122
4202,112
4203,125
4204,96
4205,118
4206,127
4207,115
4208,150
4209,125
4210,145
4211,113
4212,129
4213,111
4214,122
4215,114
4216,112
4217,128
4218,131
4219,105
4220,110
4221,109
4222,112
4223,121
4224,138
4225,120
4226,127
4227,114
4228,115
4229,120
4230,114
4231,128
4232,138
4233,130
4234,125
4235,119
4236,119
4237,116
4238,131
4239,109
4240,123
4241,116
4242,119
4243,110
4244,127
4245,123
4246,87
4247,129
4248,125
4249,114
4250,120
4251,119
4252,137
4253,128
4254,108
4255,131
4256,123
4257,105
4258,137
4259,128
4260,116
4261,124
4262,94
4263,117
4264,98
4265,134
4266,134
4267,116
4268,131
4269,125
4270,119
4271,122
4272,112
4273,124
4274,128
4275,106
4276,128
4277,119
4278,121
4279,107
4280,138
4281,105
4282,113
4283,140
4284,126
4285,133
4286,126
4287,119
4288,105
4289,139
4290,115
4291,108
4292,119
4293,124
4294,101
4295,118
4296,133
4297,126
4298,113
4299,145
4300,109
4301,140
4302,109
4303,100
4304,124
4305,116
4306,119
4307,128
4308,112
4309,128
4310,124
4311,98
4312,130
4313,130
4314,133
4315,112
4316,108
4317,119
4318,124
4319,118
4320,119
4321,113
4322,117
4323,120
4324,128
4325,123
4326,96
4327,129
4328,133
4329,122
4330,105
4331,132
4332,130
4333,117
4334,123
4335,101
4336,131
4337,108
4338,119
4339,122
4340,121
4341,123
4342,117
4343,128
4344,121
4345,121
4346,142
4347,119
4348,125
4349,123
4350,86
4351,109
4352,124
4353,120
4354,119
4355,121
4356,129
4357,118
4358,126
4359,115
4360,119
4361,116
4362,130
4363,138
4364,144
4365,109
4366,117
4367,105
4368,106
4369,116
4370,124
4371,130
4372,126
4373,129
4374,110
4375,120
4376,118
4377,122
4378,140
4379,113
4380,119
4381,134
4382,137
4383,109
4384,113
4385,108
4386,131
4387,132
4388,132
4389,118
4390,129
4391,101
4392,121
4393,97
4394,120
4395,108
4396,115
4397,119
4398,114
4399,120
4400,108
4401,109
4402,124
4403,118
4404,103
4405,128
4406,107
4407,103
4408,137
4409,116
4410,102
4411,108
4412,117
4413,134
4414,117
4415,110
4416,108
4417,128
4418,107
4419,113
4420,106
4421,123
4422,111
4423,132
4424,113
4425,125
4426,137
4427,139
4428,130
4429,139
4430,108
4431,115
4432,115
4433,110
4434,113
4435,110
4436,115
4437,126
4438,110
4439,124
4440,144
4441,125
4442,114
4443,114
4444,129
4445,100
4446,116
4447,145
4448,121
4449,140
4450,103
4451,104
4452,87
4453,107
4454,118
4455,127
4456,116
4457,108
4458,114
4459,124
4460,124
4461,124
4462,113
4463,114
4464,115
4465,115
4466,117
4467,106
4468,139
4469,107
4470,110
4471,128
4472,104
4473,110
4474,110
4475,111
4476,139
4477,127
4478,130
4479,114
4480,136
4481,119
4482,123
4483,130
4484,105
4485,140
4486,116
4487,107
4488,114
4489,134
4490,122
4491,126
4492,139
4493,118
4494,131
4495,135
4496,107
4497,130
4498,142
4499,104
4500,105
4501,111
4502,133
4503,125
4504,126
4505,125
4506,138
4507,115
4508,122
4509,131
4510,121
4511,132
4512,117
4513,116
4514,109
4515,114
4516,130
4517,104
4518,122
4519,125
4520,108
4521,123
4522,116
4523,131
4524,140
4525,132
4526,134
4527,117
4528,100
4529,105
4530,131
4531,118
4532,137
4533,141
4534,134
4535,114
4536,156
4537,114
4538,114
4539,123
4540,96
4541,144
4542,128
4543,107
4544,136
4545,116
4546,131
4547,113
4548,117
4549,123
4550,115
4551,113
4552,113
4553,106
4554,126
4555,112
4556,116
4557,112
4558,106
4559,109
4560,130
4561,131
4562,110
4563,128
4564,111
4565,104
4566,126
4567,115
4568,105
4569,116
4570,121
4571,120
4572,121
4573,117
4574,125
4575,108
4576,112
4577,111
4578,107
4579,128
4580,128
4581,126
4582,120
4583,117
4584,122
4585,130
4586,138
4587,113
4588,110
4589,115
4590,134
4591,113
4592,116
4593,127
4594,103
4595,116
4596,117
4597,103
4598,122
4599,110
4600,114
4601,117
4602,116
4603,109
4604,98
4605,131
4606,109
4607,101
4608,122
4609,113
4610,118
4611,146
4612,115
4613,140
4614,124
4615,125
4616,132
4617,139
4618,112
4619,137
4620,140
4621,102
4622,112
4623,115
4624,107
4625,113
4626,111
4627,131
4628,106
4629,119
4630,113
4631,113
4632,129
4633,127
4634,113
4635,106
4636,120
4637,127
4638,135
4639,122
4640,136
4641,133
4642,120
4643,133
4644,125
4645,97
4646,124
4647,98
4648,131
4649,134
4650,120
4651,124
4652,109
4653,141
4654,110
4655,114
4656,124
4657,125
4658,110
4659,130
4660,114
4661,124
4662,108
4663,123
4664,103
4665,114
4666,110
4667,97
4668,123
4669,115
4670,137
4671,101
4672,121
4673,119
4674,114
4675,117
4676,140
4677,117
4678,107
4679,127
4680,108
4681,115
4682,117
4683,108
4684,111
4685,117
4686,104
4687,116
4688,114
4689,126
4690,116
4691,127
4692,117
4693,125
4694,120
4695,106
4696,116
4697,129
4698,137
4699,119
4700,128
4701,118
4702,107
4703,112
4704,108
4705,107
4706,136
4707,122
4708,130
4709,136
4710,120
4711,126
4712,98
4713,141
4714,114
4715,114
4716,112
4717,120
4718,128
4719,108
4720,110
4721,101
4722,102
4723,139
4724,125
4725,97
4726,105
4727,107
4728,124
4729,105
4730,129
4731,125
4732,118
4733,109
4734,123
4735,124
4736,131
4737,107
4738,108
4739,109
4740,102
4741,107
4742,112
4743,134
4744,98
4745,145
4746,125
4747,101
4748,125
4749,116
4750,122
4751,125
4752,112
4753,110
4754,117
4755,106
4756,117
4757,113
4758,127
4759,115
4760,123
4761,113
4762,126
4763,113
4764,116
4765,86
4766,134
4767,118
4768,117
4769,105
4770,134
4771,107
4772,118
4773,119
4774,114
4775,99
4776,119
4777,136
4778,132
4779,116
4780,132
4781,115
4782,128
4783,124
4784,126
4785,127
4786,125
4787,125
4788,104
4789,123
4790,109
4791,140
4792,97
4793,103
4794,115
4795,121
4796,119
4797,111
4798,112
4799,122
4800,109
4801,120
4802,126
4803,114
4804,107
4805,126
4806,105
4807,120
4808,119
4809,109
4810,128
4811,111
4812,132
4813,119
4814,124
4815,127
4816,133
4817,140
4818,116
4819,116
4820,125
4821,118
4822,112
4823,127
4824,100
4825,127
4826,142
4827,119
4828,128
4829,105
4830,125
4831,127
4832,117
4833,112
4834,119
4835,130
4836,112
4837,103
4838,132
4839,117
4840,124
4841,109
4842,130
4843,127
4844,108
4845,134
4846,120
4847,112
4848,133
4849,141
4850,126
4851,106
4852,112
4853,122
4854,118
4855,108
4856,111
4857,120
4858,139
4859,117
4860,120
4861,103
4862,125
4863,133
4864,106
4865,122
4866,119
4867,116
4868,121
4869,119
4870,118
4871,111
4872,103
4873,104
4874,122
4875,111
4876,110
4877,122
4878,120
4879,117
4880,119
4881,117
4882,124
4883,116
4884,124
4885,114
4886,111
4887,120
4888,129
4889,122
4890,127
4891,96
4892,135
4893,122
4894,102
4895,133
4896,123
4897,118
4898,105
4899,108
4900,121
4901,130
4902,121
4903,129
4904,110
4905,117
4906,122
4907,108
4908,120
4909,120
4910,117
4911,108
4912,141
4913,122
4914,119
4915,121
4916,110
4917,117
4918,133
4919,143
4920,109
4921,127
4922,131
4923,120
4924,138
4925,127
4926,117
4927,131
4928,107
4929,133
4930,122
4931,97
4932,124
4933,122
4934,124
4935,122
4936,130
4937,107
4938,121
4939,103
4940,110
4941,114
4942,117
4943,126
4944,113
4945,102
4946,135
4947,104
4948,119
4949,129
4950,138
4951,111
4952,120
4953,122
4954,127
4955,115
4956,119
4957,113
4958,120
4959,107
4960,117
4961,130
4962,107
4963,115
4964,115
4965,142
4966,119
4967,121
4968,119
4969,101
4970,121
4971,123
4972,114
4973,114
4974,91
4975,109
4976,127
4977,120
4978,120
4979,126
4980,121
4981,129
4982,123
4983,100
4984,138
4985,104
4986,113
4987,124
4988,119
4989,118
4990,135
4991,117
4992,113
4993,116
4994,109
4995,108
4996,117
4997,125
4998,115
4999,104
5000,123
5001,115
5002,129
5003,117
5004,127
5005,125
5006,99
5007,130
5008,114
5009,141
5010,116
5011,110
5012,125
5013,108
5014,127
5015,121
5016,96
5017,116
5018,129
5019,126
5020,125
5021,125
5022,119
5023,103
5024,130
5025,109
5026,124
5027,126
5028,130
5029,112
5030,110
5031,118
5032,135
5033,117
5034,131
5035,120
5036,129
5037,115
5038,129
5039,120
5040,97
5041,134
5042,113
5043,126
5044,125
5045,108
5046,109
5047,101
5048,127
5049,115
5050,119
5051,104
5052,137
5053,128
5054,119
5055,133
5056,121
5057,127
5058,108
5059,128
5060,117
5061,117
5062,105
5063,118
5064,127
5065,132
5066,116
5067,104
5068,145
5069,105
5070,137
5071,112
5072,117
5073,130
5074,118
5075,123
5076,112
5077,113
5078,118
5079,117
5080,135
5081,120
5082,111
5083,101
5084,136
5085,102
5086,138
5087,115
5088,127
5089,120
5090,120
5091,137
5092,110
5093,117
5094,114
5095,123
5096,103
5097,141
5098,108
5099,105
5100,117
5101,114
5102,117
5103,141
5104,137
5105,118
5106,135
5107,132
5108,117
5109,128
5110,125
5111,117
5112,115
5113,127
5114,128
5115,118
5116,104
5117,120
5118,118
5119,129
5120,127
5121,115
5122,105
5123,127
5124,113
5125,137
5126,118
5127,125
5128,125
5129,104
5130,122
5131,118
5132,131
5133,111
5134,107
5135,146
5136,112
5137,142
5138,128
5139,102
5140,113
5141,112
5142,125
5143,116
5144,113
5145,112
5146,114
5147,110
5148,147
5149,118
5150,114
5151,122
5152,118
5153,131
5154,125
5155,112
5156,122
5157,128
5158,108
5159,134
5160,133
5161,114
5162,115
5163,104
5164,132
5165,153
5166,132
5167,106
5168,109
5169,135
5170,108
5171,101
5172,121
5173,132
5174,141
5175,121
5176,120
5177,113
5178,117
5179,125
5180,136
5181,147
5182,117
5183,130
5184,128
5185,118
5186,123
5187,126
5188,128
5189,128
5190,142
5191,109
5192,141
5193,106
5194,114
5195,110
5196,123
5197,125
5198,127
5199,139
5200,97
5201,109
5202,107
5203,107
5204,105
5205,124
5206,128
5207,119
5208,124
5209,135
5210,115
5211,120
5212,107
5213,99
5214,117
5215,123
5216,110
5217,105
5218,125
5219,115
5220,126
5221,121
5222,92
5223,117
5224,115
5225,118
5226,116
5227,118
5228,122
5229,111
5230,136
5231,127
5232,117
5233,103
5234,130
5235,114
5236,116
5237,120
5238,122
5239,132
5240,137
5241,100
5242,131
5243,106
5244,138
5245,128
5246,112
5247,129
5248,135
5249,123
5250,138
5251,119
5252,134
5253,114
5254,118
5255,120
5256,109
5257,122
5258,127
5259,119
5260,118
5261,131
5262,109
5263,127
5264,118
5265,129
5266,130
5267,114
5268,96
5269,92
5270,105
5271,115
5272,125
5273,118
5274,136
5275,116
5276,114
5277,124
5278,117
5279,112
5280,115
5281,109
5282,116
5283,125
5284,143
5285,120
5286,92
5287,114
5288,123
5289,124
5290,118
5291,117
5292,122
5293,132
5294,119
5295,125
5296,126
5297,126
5298,100
5299,116
5300,116
5301,121
5302,106
5303,118
5304,143
5305,119
5306,118
5307,105
5308,106
5309,110
5310,109
5311,126
5312,137
5313,122
5314,115
5315,129
5316,130
5317,128
5318,118
5319,114
5320,146
5321,102
5322,121
5323,124
5324,118
5325,124
5326,129
5327,136
5328,117
5329,114
5330,128
5331,103
5332,120
5333,122
5334,164
5335,138
5336,119
5337,119
5338,138
5339,123
5340,103
5341,104
5342,115
5343,118
5344,109
5345,110
5346,115
5347,110
5348,120
5349,102
5350,152
5351,107
5352,120
5353,123
5354,93
5355,105
5356,113
5357,113
5358,121
5359,125
5360,135
5361,104
5362,113
5363,116
5364,119
5365,124
5366,102
5367,134
5368,133
5369,105
5370,115
5371,122
5372,129
5373,121
5374,126
5375,115
5376,123
5377,127
5378,101
5379,119
5380,112
5381,114
5382,141
5383,137
5384,139
5385,126
5386,128
5387,137
5388,127
5389,137
5390,121
5391,111
5392,114
5393,116
5394,128
5395,116
5396,106
5397,135
5398,91
5399,110
5400,125
5401,130
5402,114
5403,123
5404,95
5405,138
5406,122
5407,135
5408,126
5409,131
5410,134
5411,110
5412,126
5413,112
5414,127
5415,107
5416,124
5417,135
5418,127
5419,116
5420,103
5421,94
5422,122
5423,123
5424,144
5425,99
5426,127
5427,109
5428,108
5429,124
5430,149
5431,120
5432,121
5433,128
5434,140
5435,125
5436,140
5437,122
5438,126
5439,105
5440,122
5441,95
5442,136
5443,125
5444,124
5445,138
5446,98
5447,127
5448,139
5449,125
5450,107
5451,130
5452,109
5453,123
5454,133
5455,118
5456,92
5457,110
5458,103
5459,110
5460,116
5461,126
5462,128
5463,111
5464,135
5465,118
5466,126
5467,120
5468,133
5469,133
5470,124
5471,108
5472,106
5473,114
5474,118
5475,110
5476,136
5477,112
5478,114
5479,121
5480,116
5481,140
5482,122
5483,115
5484,143
5485,104
5486,120
5487,138
5488,103
5489,112
5490,119
5491,103
5492,115
5493,125
5494,124
5495,122
5496,120
5497,134
5498,129
5499,115
5500,109
5501,133
5502,106
5503,116
5504,120
5505,112
5506,120
5507,132
5508,118
5509,130
5510,120
5511,128
5512,130
5513,126
5514,121
5515,125
5516,134
5517,125
5518,122
5519,115
5520,122
5521,142
5522,121
5523,128
5524,103
5525,123
5526,121
5527,121
5528,100
5529,125
5530,110
5531,119
5532,102
5533,108
5534,135
5535,116
5536,121
5537,140
5538,114
5539,123
5540,125
5541,107
5542,122
5543,141
5544,122
5545,125
5546,117
5547,123
5548,119
5549,123
5550,127
5551,110
5552,113
5553,106
5554,127
5555,104
5556,148
5557,110
5558,146
5559,116
5560,129
5561,120
5562,126
5563,102
5564,113
5565,98
5566,123
5567,115
5568,127
5569,126
5570,129
5571,108
5572,102
5573,127
5574,102
5575,126
5576,149
5577,130
5578,107
5579,126
5580,102
5581,106
5582,107
5583,121
5584,111
5585,109
5586,114
5587,119
5588,122
5589,102
5590,120
5591,127
5592,120
5593,107
5594,114
5595,117
5596,104
5597,119
5598,120
5599,129
5600,123
5601,125
5602,110
5603,129
5604,132
5605,117
5606,120
5607,114
5608,137
5609,121
5610,123
5611,122
5612,129
5613,133
5614,138
5615,117
5616,115
5617,115
5618,116
5619,115
5620,124
5621,90
5622,119
5623,111
5624,119
5625,112
5626,126
5627,113
5628,134
5629,122
5630,122
5631,111
5632,118
5633,112
5634,131
5635,144
5636,105
5637,128
5638,107
5639,115
5640,132
5641,110
5642,115
5643,123
5644,127
5645,126
5646,105
5647,130
5648,137
5649,122
5650,109
5651,144
5652,119
5653,107
5654,132
5655,117
5656,103
5657,124
5658,97
5659,136
5660,117
5661,109
5662,124
5663,98
5664,128
5665,111
5666,116
5667,124
5668,105
5669,137
5670,115
5671,124
5672,110
5673,119
5674,90
5675,124
5676,125
5677,122
5678,129
5679,140
5680,118
5681,123
5682,114
5683,130
5684,132
5685,115
5686,115
5687,123
5688,112
5689,123
5690,105
5691,135
5692,120
5693,117
5694,123
5695,118
5696,108
5697,99
5698,111
5699,133
5700,128
5701,136
5702,120
5703,121
5704,101
5705,134
5706,123
5707,127
5708,129
5709,130
5710,126
5711,127
5712,126
5713,127
5714,115
5715,120
5716,127
5717,120
5718,115
5719,111
5720,100
5721,105
5722,115
5723,131
5724,137
5725,118
5726,121
5727,117
5728,101
5729,130
5730,115
5731,115
5732,121
5733,128
5734,101
5735,102
5736,125
5737,121
5738,120
5739,134
5740,135
5741,121
5742,121
5743,122
5744,117
5745,105
5746,121
5747,122
5748,113
5749,121
5750,112
5751,109
5752,123
5753,127
5754,113
5755,124
5756,105
5757,137
5758,119
5759,112
5760,125
5761,109
5762,139
5763,106
5764,112
5765,131
5766,166
5767,98
5768,117
5769,122
5770,109
5771,133
5772,118
5773,137
5774,119
5775,132
5776,109
5777,127
5778,115
5779,127
5780,119
5781,109
5782,130
5783,106
5784,111
5785,122
5786,127
5787,105
5788,126
5789,116
5790,116
5791,119
5792,126
5793,115
5794,120
5795,143
5796,114
5797,151
5798,119
5799,113
5800,112
5801,115
5802,109
5803,125
5804,128
5805,136
5806,137
5807,133
5808,117
5809,129
5810,118
5811,118
5812,119
5813,99
5814,133
5815,120
5816,134
5817,117
5818,105
5819,134
5820,127
5821,107
5822,118
5823,116
5824,125
5825,123
5826,122
5827,109
5828,124
5829,103
5830,117
5831,116
5832,121
5833,131
5834,135
5835,111
5836,108
5837,117
5838,132
5839,113
5840,115
5841,110
5842,133
5843,113
5844,104
5845,107
5846,102
5847,100
5848,117
5849,127
5850,129
5851,121
5852,121
5853,119
5854,104
5855,136
5856,129
5857,110
5858,136
5859,116
5860,106
5861,114
5862,124
5863,115
5864,141
5865,139
5866,136
5867,132
5868,113
5869,112
5870,145
5871,138
5872,139
5873,118
5874,121
5875,98
5876,132
5877,112
5878,116
5879,131
5880,120
5881,126
5882,139
5883,107
5884,140
5885,113
5886,108
5887,115
5888,131
5889,116
5890,124
5891,124
5892,113
5893,131
5894,122
5895,110
5896,118
5897,129
5898,117
5899,117
5900,120
5901,142
5902,109
5903,112
5904,123
5905,132
5906,109
5907,112
5908,107
5909,131
5910,125
5911,126
5912,128
5913,117
5914,138
5915,113
5916,113
5917,109
5918,127
5919,125
5920,132
5921,104
5922,117
5923,110
5924,107
5925,121
5926,120
5927,137
5928,133
5929,134
5930,122
5931,119
5932,124
5933,110
5934,143
5935,115
5936,148
5937,113
5938,102
5939,116
5940,118
5941,112
5942,112
5943,128
5944,117
5945,120
5946,131
5947,127
5948,133
5949,123
5950,108
5951,104
5952,136
5953,120
5954,124
5955,117
5956,117
5957,123
5958,119
5959,124
5960,97
5961,120
5962,132
5963,124
5964,123
5965,113
5966,118
5967,119
5968,100
5969,105
5970,122
5971,121
5972,117
5973,117
5974,98
5975,118
5976,124
5977,108
5978,102
5979,121
5980,98
5981,126
5982,124
5983,106
5984,109
5985,132
5986,133
5987,142
5988,124
5989,120
5990,123
5991,98
5992,106
5993,121
5994,127
5995,120
5996,102
5997,121
5998,122
5999,96
6000,101
6001,129
6002,107
6003,109
6004,130
6005,105
6006,119
6007,138
6008,120
6009,106
6010,117
6011,125
6012,118
6013,122
6014,123
6015,117
6016,119
6017,114
6018,120
6019,148
6020,133
6021,137
6022,125
6023,100
6024,105
6025,116
6026,121
6027,111
6028,121
6029,108
6030,132
6031,106
6032,111
6033,112
6034,121
6035,128
6036,111
6037,105
6038,121
6039,113
6040,116
6041,122
6042,117
6043,127
6044,116
6045,108
6046,112
6047,113
6048,104
6049,145
6050,131
6051,113
6052,132
6053,118
6054,129
6055,120
6056,141
6057,116
6058,120
6059,132
6060,100
6061,116
6062,126
6063,140
6064,129
6065,127
6066,103
6067,104
6068,116
6069,118
6070,124
6071,118
6072,131
6073,138
6074,126
6075,132
6076,136
6077,125
6078,125
6079,111
6080,129
6081,105
6082,163
6083,120
6084,137
6085,118
6086,126
6087,114
6088,129
6089,116
6090,122
6091,103
6092,100
6093,110
6094,121
6095,127
6096,129
6097,122
6098,124
6099,111
6100,120
6101,120
6102,111
6103,139
6104,126
6105,131
6106,121
6107,132
6108,121
6109,117
6110,114
6111,121
6112,109
6113,115
6114,109
6115,99
6116,103
6117,111
6118,94
6119,127
6120,133
6121,117
6122,131
6123,106
6124,111
6125,109
6126,142
6127,131
6128,115
6129,122
6130,104
6131,133
6132,122
6133,132
6134,96
6135,129
6136,118
6137,145
6138,128
6139,137
6140,125
6141,111
6142,113
6143,112
6144,119
6145,118
6146,128
6147,126
6148,130
6149,115
6150,126
6151,124
6152,109
6153,135
6154,128
6155,125
6156,132
6157,119
6158,127
6159,117
6160,112
6161,105
6162,145
6163,104
6164,136
6165,133
6166,119
6167,132
6168,116
6169,106
6170,136
6171,112
6172,138
6173,141
6174,125
6175,144
6176,109
6177,115
6178,134
6179,119
6180,139
6181,129
6182,129
6183,116
6184,122
6185,110
6186,131
6187,127
6188,123
6189,94
6190,120
6191,115
6192,133
6193,110
6194,130
6195,104
6196,123
6197,106
6198,114
6199,130
6200,116
6201,142
6202,111
6203,116
6204,129
6205,119
6206,115
6207,106
6208,115
6209,118
6210,106
6211,118
6212,129
6213,106
6214,127
6215,133
6216,123
6217,126
6218,108
6219,122
6220,116
6221,137
6222,137
6223,128
6224,128
6225,116
6226,128
6227,117
6228,121
6229,118
6230,122
6231,131
6232,113
6233,126
6234,108
6235,93
6236,138
6237,125
6238,141
6239,119
6240,114
6241,109
6242,91
6243,120
6244,119
6245,109
6246,113
6247,113
6248,118
6249,124
6250,124
6251,119
6252,104
6253,117
6254,131
6255,146
6256,122
6257,124
6258,107
6259,121
6260,103
6261,102
6262,119
6263,121
6264,125
6265,120
6266,98
6267,123
6268,124
6269,124
6270,110
6271,123
6272,120
6273,112
6274,141
6275,102
6276,137
6277,119
6278,101
6279,111
6280,120
6281,112
6282,111
6283,123
6284,120
6285,129
6286,133
6287,107
6288,125
6289,116
6290,111
6291,123
6292,123
6293,122
6294,118
6295,107
6296,127
6297,122
6298,123
6299,100
6300,113
6301,121
6302,102
6303,123
6304,117
6305,126
6306,145
6307,105
6308,110
6309,129
6310,101
6311,134
6312,117
6313,111
6314,112
6315,124
6316,121
6317,101
6318,128
6319,116
6320,126
6321,126
6322,122
6323,135
6324,111
6325,123
6326,109
6327,131
6328,115
6329,111
6330,114
6331,113
6332,120
6333,117
6334,114
6335,125
6336,132
6337,103
6338,129
6339,118
6340,111
6341,124
6342,107
6343,97
6344,109
6345,127
6346,106
6347,132
6348,118
6349,111
6350,150
6351,137
6352,121
6353,115
6354,116
6355,138
6356,119
6357,144
6358,121
6359,137
6360,120
6361,134
6362,113
6363,115
6364,127
6365,122
6366,103
6367,124
6368,113
6369,117
6370,131
6371,91
6372,138
6373,110
6374,129
6375,130
6376,99
6377,122
6378,123
6379,101
6380,110
6381,112
6382,136
6383,115
6384,107
6385,117
6386,143
6387,134
6388,100
6389,129
6390,139
6391,119
6392,117
6393,126
6394,138
6395,108
6396,123
6397,99
6398,148
6399,111
6400,118
6401,131
6402,145
6403,107
6404,131
6405,109
6406,119
6407,139
6408,100
6409,114
6410,125
6411,124
6412,109
6413,114
6414,112
6415,104
6416,127
6417,131
6418,118
6419,123
6420,122
6421,109
6422,113
6423,115
6424,120
6425,114
6426,107
6427,145
6428,119
6429,125
6430,105
6431,106
6432,106
6433,120
6434,107
6435,109
6436,106
6437,121
6438,123
6439,107
6440,103
6441,113
6442,128
6443,125
6444,121
6445,123
6446,98
6447,117
6448,136
6449,128
6450,122
6451,123
6452,126
6453,105
6454,126
6455,142
6456,90
6457,119
6458,122
6459,134
6460,110
6461,115
6462,114
6463,106
6464,106
6465,115
6466,133
6467,117
6468,114
6469,109
6470,132
6471,135
6472,117
6473,126
6474,113
6475,113
6476,117
6477,112
6478,113
6479,116
6480,138
6481,119
6482,110
6483,121
6484,132
6485,154
6486,132
6487,114
6488,120
6489,125
6490,131
6491,133
6492,135
6493,120
6494,105
6495,121
6496,114
6497,103
6498,114
6499,112
6500,129
6501,136
6502,104
6503,135
6504,117
6505,105
6506,146
6507,121
6508,138
6509,113
6510,123
6511,121
6512,129
6513,116
6514,132
6515,105
6516,122
6517,111
6518,119
6519,134
6520,144
6521,121
6522,120
6523,107
6524,112
6525,117
6526,117
6527,117
6528,122
6529,113
6530,116
6531,105
6532,116
6533,97
6534,109
6535,119
6536,136
6537,111
6538,120
6539,117
6540,114
6541,120
6542,113
6543,117
6544,130
6545,106
6546,113
6547,116
6548,122
6549,133
6550,104
6551,119
6552,127
6553,139
6554,107
6555,106
6556,107
6557,129
6558,119
6559,101
6560,124
6561,108
6562,126
6563,104
6564,104
6565,134
6566,142
6567,122
6568,119
6569,122
6570,126
6571,120
6572,143
6573,107
6574,130
6575,105
6576,126
6577,93
6578,117
6579,128
6580,123
6581,136
6582,127
6583,134
6584,113
6585,119
6586,103
6587,104
6588,113
6589,125
6590,113
6591,127
6592,123
6593,107
6594,106
6595,110
6596,129
6597,114
6598,136
6599,129
6600,101
6601,123
6602,123
6603,124
6604,131
6605,128
6606,111
6607,121
6608,110
6609,116
6610,110
6611,118
6612,123
6613,117
6614,137
6615,129
6616,122
6617,120
6618,113
6619,109
6620,124
6621,117
6622,108
6623,131
6624,120
6625,126
6626,133
6627,107
6628,128
6629,100
6630,117
6631,111
6632,122
6633,130
6634,116
6635,127
6636,123
6637,113
6638,117
6639,109
6640,118
6641,134
6642,115
6643,107
6644,119
6645,129
6646,131
6647,114
6648,124
6649,130
6650,119
6651,114
6652,93
6653,122
6654,144
6655,118
6656,133
6657,102
6658,117
6659,119
6660,123
6661,107
6662,139
6663,140
6664,112
6665,80
6666,113
6667,128
6668,102
6669,123
6670,117
6671,141
6672,141
6673,134
6674,112
6675,118
6676,125
6677,132
6678,105
6679,132
6680,123
6681,117
6682,129
6683,117
6684,118
6685,132
6686,128
6687,97
6688,98
6689,120
6690,125
6691,107
6692,113
6693,115
6694,124
6695,123
6696,136
6697,108
6698,108
6699,114
6700,127
6701,120
6702,136
6703,104
6704,120
6705,124
6706,104
6707,116
6708,123
6709,121
6710,107
6711,134
6712,100
6713,118
6714,110
6715,138
6716,108
6717,100
6718,105
6719,109
6720,111
6721,118
6722,100
6723,114
6724,132
6725,133
6726,110
6727,104
6728,133
6729,123
6730,114
6731,123
6732,123
6733,146
6734,131
6735,138
6736,139
6737,111
6738,111
6739,139
6740,112
6741,117
6742,113
6743,114
6744,128
6745,136
6746,119
6747,128
6748,108
6749,118
6750,124
6751,112
6752,136
6753,121
6754,116
6755,123
6756,122
6757,120
6758,122
6759,137
6760,120
6761,117
6762,125
6763,109
6764,121
6765,103
6766,121
6767,133
6768,115
6769,114
6770,129
6771,116
6772,122
6773,122
6774,108
6775,138
6776,135
6777,116
6778,121
6779,108
6780,109
6781,118
6782,142
6783,124
6784,115
6785,102
6786,109
6787,131
6788,105
6789,103
6790,120
6791,138
6792,122
6793,121
6794,129
6795,111
6796,134
6797,121
6798,108
6799,119
6800,111
6801,121
6802,125
6803,121
6804,117
6805,108
6806,118
6807,111
6808,122
6809,117
6810,124
6811,93
6812,122
6813,120
6814,101
6815,117
6816,123
6817,102
6818,125
6819,114
6820,125
6821,113
6822,130
6823,135
6824,117
6825,116
6826,121
6827,116
6828,108
6829,114
6830,122
6831,121
6832,135
6833,108
6834,143
6835,135
6836,112
6837,109
6838,116
6839,113
6840,127
6841,117
6842,106
6843,114
6844,111
6845,132
6846,148
6847,94
6848,125
6849,119
6850,125
6851,139
6852,116
6853,127
6854,115
6855,120
6856,110
6857,128
6858,124
6859,128
6860,119
6861,135
6862,109
6863,137
6864,115
6865,122
6866,111
6867,119
6868,133
6869,121
6870,121
6871,105
6872,109
6873,137
6874,129
6875,123
6876,103
6877,114
6878,104
6879,128
6880,113
6881,111
6882,131
6883,99
6884,127
6885,109
6886,148
6887,127
6888,131
6889,136
6890,131
6891,130
6892,147
6893,97
6894,123
6895,129
6896,109
6897,110
6898,126
6899,122
6900,114
6901,152
6902,121
6903,123
6904,108
6905,124
6906,131
6907,97
6908,112
6909,122
6910,122
6911,121
6912,138
6913,117
6914,129
6915,115
6916,118
6917,115
6918,107
6919,112
6920,109
6921,142
6922,97
6923,121
6924,127
6925,132
6926,112
6927,118
6928,108
6929,134
6930,110
6931,108
6932,127
6933,114
6934,132
6935,104
6936,117
6937,101
6938,109
6939,115
6940,124
6941,108
6942,132
6943,105
6944,116
6945,124
6946,93
6947,108
6948,113
6949,130
6950,111
6951,122
6952,124
6953,150
6954,110
6955,120
6956,113
6957,110
6958,107
6959,134
6960,138
6961,122
6962,80
6963,106
6964,121
6965,142
6966,104
6967,118
6968,149
6969,126
6970,124
6971,128
6972,110
6973,127
6974,116
6975,115
6976,119
6977,131
6978,116
6979,111
6980,115
6981,127
6982,121
6983,127
6984,126
6985,114
6986,123
6987,117
6988,139
6989,136
6990,125
6991,96
6992,137
6993,122
6994,115
6995,126
6996,107
6997,112
6998,114
6999,88
7000,135
7001,116
7002,121
7003,121
7004,129
7005,136
7006,111
7007,111
7008,119
7009,113
7010,125
7011,102
7012,110
7013,136
7014,129
7015,124
7016,96
7017,122
7018,128
7019,119
7020,130
7021,124
7022,119
7023,115
7024,131
7025,101
7026,135
7027,122
7028,132
7029,129
7030,117
7031,98
7032,126
7033,125
7034,101
7035,140
7036,136
7037,120
7038,120
7039,128
7040,114
7041,117
7042,116
7043,141
7044,123
7045,108
7046,124
7047,112
7048,111
7049,115
7050,118
7051,100
7052,100
7053,109
7054,117
7055,111
7056,117
7057,125
7058,143
7059,122
7060,119
7061,122
7062,115
7063,109
7064,110
7065,117
7066,116
7067,162
7068,116
7069,124
7070,128
7071,112
7072,123
7073,117
7074,120
7075,92
7076,145
7077,133
7078,132
7079,123
7080,113
7081,109
7082,123
7083,117
7084,133
7085,106
7086,124
7087,121
7088,129
7089,115
7090,100
7091,109
7092,106
7093,121
7094,125
7095,121
7096,118
7097,103
7098,122
7099,117
7100,114
7101,128
7102,117
7103,130
7104,128
7105,122
7106,126
7107,103
7108,110
7109,111
7110,134
7111,116
7112,112
7113,115
7114,128
7115,127
7116,108
7117,131
7118,121
7119,109
7120,129
7121,139
7122,110
7123,116
7124,131
7125,117
7126,124
7127,139
7128,123
7129,103
7130,125
7131,123
7132,127
7133,100
7134,123
7135,101
7136,128
7137,127
7138,123
7139,115
7140,130
7141,124
7142,141
7143,133
7144,112
7145,121
7146,128
7147,102
7148,106
7149,115
7150,121
7151,128
7152,109
7153,111
7154,119
7155,104
7156,115
7157,115
7158,137
7159,127
7160,109
7161,113
7162,128
7163,134
7164,104
7165,119
7166,135
7167,123
7168,133
7169,148
7170,125
7171,122
7172,135
7173,103
7174,135
7175,108
7176,121
7177,132
7178,115
7179,117
7180,120
7181,133
7182,124
7183,124
7184,106
7185,109
7186,129
7187,129
7188,142
7189,108
7190,126
7191,138
7192,125
7193,115
7194,127
7195,124
7196,121
7197,131
7198,117
7199,127
7200,110
7201,109
7202,121
7203,129
7204,129
7205,108
7206,99
7207,105
7208,117
7209,131
7210,118
7211,140
7212,124
7213,116
7214,113
7215,127
7216,135
7217,114
7218,105
7219,98
7220,124
7221,119
7222,117
7223,105
7224,116
7225,105
7226,118
7227,109
7228,119
7229,116
7230,117
7231,111
7232,131
7233,137
7234,139
7235,121
7236,128
7237,109
7238,118
7239,110
7240,124
7241,124
7242,119
7243,119
7244,145
7245,117
7246,109
7247,102
7248,110
7249,127
7250,109
7251,123
7252,121
7253,139
7254,127
7255,137
7256,94
7257,131
7258,125
7259,126
7260,100
7261,120
7262,113
7263,132
7264,112
7265,137
7266,128
7267,112
7268,119
7269,127
7270,114
7271,114
7272,124
7273,135
7274,108
7275,116
7276,112
7277,129
7278,104
7279,128
7280,124
7281,113
7282,141
7283,117
7284,117
7285,119
7286,123
7287,102
7288,124
7289,110
7290,113
7291,132
7292,106
7293,125
7294,117
7295,137
7296,142
7297,126
7298,127
7299,134
7300,121
7301,128
7302,114
7303,120
7304,112
7305,123
7306,126
7307,130
7308,134
7309,114
7310,114
7311,119
7312,121
7313,121
7314,133
7315,135
7316,115
7317,123
7318,130
7319,134
7320,107
7321,137
7322,111
7323,122
7324,103
7325,122
7326,141
7327,115
7328,145
7329,111
7330,95
7331,109
7332,112
7333,114
7334,120
7335,133
7336,129
7337,115
7338,109
7339,130
7340,117
7341,115
7342,117
7343,130
7344,123
7345,127
7346,112
7347,117
7348,119
7349,116
7350,105
7351,124
7352,134
7353,119
7354,122
7355,105
7356,119
7357,107
7358,129
7359,106
7360,131
7361,109
7362,109
7363,116
7364,121
7365,139
7366,111
7367,128
7368,117
7369,131
7370,127
7371,117
7372,105
7373,104
7374,105
7375,118
7376,131
7377,137
7378,114
7379,108
7380,117
7381,92
7382,113
7383,114
7384,127
7385,101
7386,106
7387,108
7388,111
7389,108
7390,115
7391,117
7392,130
7393,111
7394,135
7395,107
7396,129
7397,109
7398,130
7399,112
7400,113
7401,110
7402,131
7403,128
7404,123
7405,122
7406,120
7407,125
7408,128
7409,122
7410,119
7411,110
7412,122
7413,117
7414,105
7415,155
7416,111
7417,130
7418,156
7419,112
7420,133
7421,115
7422,123
7423,123
7424,114
7425,113
7426,109
7427,104
7428,127
7429,122
7430,118
7431,119
7432,125
7433,128
7434,107
7435,116
7436,131
7437,111
7438,118
7439,107
7440,133
7441,105
7442,135
7443,112
7444,119
7445,115
7446,115
7447,113
7448,105
7449,138
7450,113
7451,135
7452,126
7453,111
7454,133
7455,130
7456,150
7457,103
7458,105
7459,136
7460,125
7461,130
7462,121
7463,127
7464,128
7465,110
7466,90
7467,123
7468,131
7469,112
7470,108
7471,120
7472,141
7473,136
7474,135
7475,135
7476,104
7477,111
7478,112
7479,117
7480,116
7481,114
7482,112
7483,150
7484,128
7485,129
7486,127
7487,122
7488,110
7489,110
7490,114
7491,101
7492,130
7493,113
7494,103
7495,109
7496,128
7497,115
7498,120
7499,118
7500,121
7501,115
7502,119
7503,111
7504,126
7505,126
7506,127
7507,123
7508,135
7509,130
7510,110
7511,127
7512,124
7513,104
7514,119
7515,124
7516,122
7517,113
7518,120
7519,112
7520,140
7521,111
7522,113
7523,107
7524,126
7525,122
7526,115
7527,119
7528,123
7529,107
7530,122
7531,110
7532,122
7533,145
7534,129
7535,114
7536,136
7537,114
7538,116
7539,128
7540,127
7541,127
7542,141
7543,115
7544,105
7545,114
7546,106
7547,133
7548,126
7549,135
7550,129
7551,120
7552,114
7553,117
7554,92
7555,113
7556,117
7557,117
7558,128
7559,120
7560,113
7561,99
7562,112
7563,122
7564,127
7565,116
7566,149
7567,111
7568,104
7569,130
7570,101
7571,113
7572,133
7573,113
7574,135
7575,115
7576,123
7577,145
7578,144
7579,112
7580,115
7581,109
7582,113
7583,122
7584,122
7585,142
7586,115
7587,106
7588,122
7589,119
7590,96
7591,108
7592,124
7593,124
7594,112
7595,111
7596,111
7597,119
7598,99
7599,108
7600,127
7601,124
7602,125
7603,122
7604,121
7605,139
7606,100
7607,124
7608,122
7609,109
7610,107
7611,129
7612,124
7613,110
7614,132
7615,98
7616,126
7617,128
7618,111
7619,134
7620,134
7621,141
7622,115
7623,114
7624,105
7625,116
7626,120
7627,125
7628,127
7629,119
7630,129
7631,142
7632,127
7633,120
7634,125
7635,118
7636,128
7637,133
7638,102
7639,130
7640,126
7641,116
7642,131
7643,121
7644,128
7645,102
7646,126
7647,116
7648,121
7649,111
7650,120
7651,106
7652,128
7653,113
7654,126
7655,121
7656,104
7657,126
7658,137
7659,117
7660,123
7661,109
7662,112
7663,124
7664,117
7665,109
7666,133
7667,113
7668,125
7669,115
7670,117
7671,107
7672,120
7673,122
7674,114
7675,108
7676,112
7677,130
7678,110
7679,129
7680,90
7681,117
7682,118
7683,129
7684,123
7685,147
7686,120
7687,103
7688,123
7689,108
7690,113
7691,110
7692,136
7693,106
7694,113
7695,112
7696,110
7697,130
7698,114
7699,133
7700,110
7701,110
7702,133
7703,96
7704,118
7705,121
7706,118
7707,112
7708,127
7709,117
7710,125
7711,91
7712,100
7713,104
7714,112
7715,118
7716,122
7717,106
7718,120
7719,118
7720,126
7721,109
7722,129
7723,128
7724,111
7725,104
7726,130
7727,118
7728,107
7729,106
7730,115
7731,117
7732,110
7733,93
7734,121
7735,142
7736,121
7737,105
7738,110
7739,111
7740,117
7741,143
7742,127
7743,123
7744,121
7745,113
7746,117
7747,132
7748,121
7749,117
7750,104
7751,126
7752,121
7753,128
7754,109
7755,107
7756,111
7757,105
7758,120
7759,122
7760,118
7761,131
7762,126
7763,121
7764,117
7765,123
7766,118
7767,123
7768,108
7769,119
7770,113
7771,98
7772,152
7773,119
7774,130
7775,138
7776,130
7777,120
7778,124
7779,128
7780,131
7781,111
7782,130
7783,122
7784,129
7785,117
7786,116
7787,107
7788,116
7789,137
7790,114
7791,119
7792,121
7793,123
7794,107
7795,117
7796,130
7797,105
7798,117
7799,125
7800,136
7801,109
7802,123
7803,110
7804,127
7805,110
7806,121
7807,102
7808,127
7809,113
7810,139
7811,132
7812,111
7813,113
7814,128
7815,129
7816,123
7817,113
7818,108
7819,107
7820,120
7821,123
7822,111
7823,122
7824,117
7825,121
7826,129
7827,128
7828,128
7829,131
7830,128
7831,106
7832,105
7833,116
7834,111
7835,107
7836,148
7837,133
7838,119
7839,122
7840,116
7841,126
7842,117
7843,126
7844,123
7845,110
7846,132
7847,109
7848,135
7849,114
7850,103
7851,107
7852,126
7853,114
7854,131
7855,133
7856,133
7857,129
7858,115
7859,110
7860,131
7861,109
7862,113
7863,143
7864,108
7865,139
7866,114
7867,123
7868,117
7869,129
7870,113
7871,112
7872,110
7873,127
7874,103
7875,113
7876,128
7877,116
7878,115
7879,112
7880,140
7881,122
7882,103
7883,120
7884,139
7885,131
7886,118
7887,116
7888,85
7889,115
7890,126
7891,129
7892,119
7893,116
7894,115
7895,110
7896,103
7897,124
7898,121
7899,119
7900,119
7901,122
7902,116
7903,113
7904,113
7905,119
7906,126
7907,140
7908,125
7909,122
7910,114
7911,121
7912,115
7913,116
7914,145
7915,114
7916,107
7917,112
7918,123
7919,107
7920,135
7921,116
7922,117
7923,123
7924,127
7925,119
7926,126
7927,112
7928,99
7929,118
7930,117
7931,133
7932,123
7933,125
7934,118
7935,125
7936,112
7937,136
7938,118
7939,112
7940,116
7941,109
7942,109
7943,116
7944,128
7945,103
7946,123
7947,108
7948,120
7949,106
7950,108
7951,126
7952,104
7953,122
7954,120
7955,123
7956,101
7957,129
7958,116
7959,100
7960,115
7961,122
7962,135
7963,107
7964,117
7965,128
7966,114
7967,120
7968,107
7969,118
7970,94
7971,106
7972,123
7973,127
7974,109
7975,133
7976,105
7977,97
7978,130
7979,126
7980,131
7981,138
7982,119
7983,110
7984,121
7985,134
7986,125
7987,120
7988,109
7989,132
7990,114
7991,121
7992,119
7993,102
7994,132
7995,128
7996,119
7997,119
7998,124
7999,134
8000,118
8001,134
8002,141
8003,120
8004,129
8005,110
8006,128
8007,109
8008,140
8009,119
8010,109
8011,127
8012,108
8013,138
8014,95
8015,120
8016,116
8017,137
8018,129
8019,127
8020,109
8021,108
8022,112
8023,105
8024,116
8025,113
8026,126
8027,120
8028,133
8029,108
8030,115
8031,121
8032,104
8033,126
8034,103
8035,144
8036,130
8037,107
8038,114
8039,111
8040,108
8041,120
8042,107
8043,122
8044,107
8045,112
8046,119
8047,124
8048,112
8049,127
8050,95
8051,130
8052,124
8053,120
8054,113
8055,145
8056,121
8057,111
8058,115
8059,119
8060,124
8061,110
8062,128
8063,105
8064,116
8065,141
8066,126
8067,116
8068,130
8069,98
8070,107
8071,130
8072,132
8073,112
8074,102
8075,112
8076,108
8077,125
8078,109
8079,107
8080,108
8081,100
8082,113
8083,134
8084,134
8085,137
8086,120
8087,122
8088,129
8089,138
8090,125
8091,101
8092,143
8093,120
8094,117
8095,139
8096,112
8097,124
8098,127
8099,109
8100,111
8101,114
8102,123
8103,106
8104,99
8105,92
8106,114
8107,106
8108,121
8109,124
8110,134
8111,117
8112,129
8113,123
8114,98
8115,148
8116,122
8117,132
8118,113
8119,95
8120,106
8121,128
8122,94
8123,133
8124,113
8125,116
8126,113
8127,108
8128,104
8129,129
8130,115
8131,106
8132,104
8133,119
8134,121
8135,124
8136,114
8137,120
8138,134
8139,134
8140,112
8141,116
8142,126
8143,132
8144,125
8145,128
8146,86
8147,114
8148,130
8149,119
8150,111
8151,115
8152,120
8153,112
8154,116
8155,126
8156,110
8157,136
8158,100
8159,106
8160,131
8161,128
8162,124
8163,131
8164,117
8165,145
8166,109
8167,142
8168,112
8169,96
8170,126
8171,133
8172,123
8173,129
8174,111
8175,137
8176,131
8177,120
8178,108
8179,146
8180,123
8181,117
8182,115
8183,116
8184,135
8185,129
8186,126
8187,126
8188,126
8189,113
8190,136
8191,122
8192,104
8193,136
8194,145
8195,123
8196,112
8197,117
8198,136
8199,111
8200,131
8201,116
8202,116
8203,119
8204,126
8205,106
8206,116
8207,115
8208,105
8209,128
8210,116
8211,112
8212,112
8213,116
8214,118
8215,132
8216,108
8217,117
8218,127
8219,112
8220,145
8221,120
8222,107
8223,138
8224,117
8225,126
8226,162
8227,105
8228,117
8229,116
8230,105
8231,141
8232,129
8233,129
8234,129
8235,132
8236,108
8237,135
8238,111
8239,120
8240,100
8241,131
8242,132
8243,109
8244,101
8245,90
8246,107
8247,120
8248,118
8249,127
8250,125
8251,126
8252,116
8253,114
8254,106
8255,134
8256,109
8257,126
8258,124
8259,114
8260,124
8261,134
8262,106
8263,99
8264,118
8265,126
8266,100
8267,117
8268,106
8269,114
8270,123
8271,112
8272,113
8273,121
8274,95
8275,146
8276,137
8277,129
8278,118
8279,141
8280,127
8281,110
8282,102
8283,134
8284,124
8285,137
8286,120
8287,101
8288,107
8289,106
8290,122
8291,115
8292,108
8293,128
8294,121
8295,113
8296,134
8297,122
8298,130
8299,114
8300,111
8301,120
8302,114
8303,131
8304,120
8305,137
8306,124
8307,114
8308,116
8309,116
8310,122
8311,126
8312,116
8313,142
8314,121
8315,136
8316,106
8317,108
8318,119
8319,122
8320,110
8321,131
8322,102
8323,124
8324,109
8325,128
8326,113
8327,116
8328,116
8329,153
8330,115
8331,108
8332,112
8333,131
8334,133
8335,138
8336,110
8337,111
8338,137
8339,121
8340,134
8341,121
8342,95
8343,131
8344,108
8345,137
8346,106
8347,137
8348,115
8349,133
8350,115
8351,121
8352,104
8353,116
8354,126
8355,129
8356,110
8357,107
8358,115
8359,97
8360,113
8361,106
8362,122
8363,104
8364,145
8365,141
8366,122
8367,116
8368,116
8369,124
8370,124
8371,126
8372,108
8373,122
8374,100
8375,112
8376,104
8377,141
8378,123
8379,126
8380,117
8381,120
8382,121
8383,118
8384,115
8385,131
8386,122
8387,143
8388,122
8389,112
8390,123
8391,114
8392,115
8393,126
8394,138
8395,104
8396,109
8397,133
8398,110
8399,131
8400,157
8401,117
8402,110
8403,139
8404,109
8405,122
8406,99
8407,129
8408,150
8409,140
8410,121
8411,126
8412,112
8413,110
8414,120
8415,119
8416,101
8417,136
8418,126
8419,112
8420,119
8421,101
8422,109
8423,125
8424,123
8425,126
8426,128
8427,117
8428,121
8429,124
8430,118
8431,122
8432,120
8433,126
8434,143
8435,129
8436,119
8437,116
8438,126
8439,109
8440,138
8441,121
8442,119
8443,133
8444,140
8445,122
8446,101
8447,132
8448,111
8449,149
8450,128
8451,112
8452,113
8453,113
8454,140
8455,157
8456,105
8457,131
8458,124
8459,108
8460,127
8461,105
8462,135
8463,113
8464,112
8465,125
8466,132
8467,124
8468,137
8469,118
8470,109
8471,123
8472,110
8473,107
8474,110
8475,124
8476,137
8477,123
8478,125
8479,114
8480,125
8481,120
8482,104
8483,119
8484,99
8485,118
8486,105
8487,114
8488,112
8489,131
8490,86
8491,119
8492,133
8493,108
8494,126
8495,119
8496,99
8497,135
8498,100
8499,133
8500,122
8501,126
8502,113
8503,134
8504,109
8505,107
8506,114
8507,118
8508,108
8509,143
8510,122
8511,123
8512,115
8513,130
8514,107
8515,127
8516,111
8517,134
8518,120
8519,112
8520,110
8521,121
8522,106
8523,119
8524,119
8525,124
8526,146
8527,121
8528,111
8529,119
8530,122
8531,131
8532,119
8533,99
8534,123
8535,114
8536,141
8537,116
8538,107
8539,105
8540,107
8541,113
8542,114
8543,133
8544,125
8545,128
8546,126
8547,123
8548,133
8549,123
8550,122
8551,134
8552,128
8553,119
8554,128
8555,109
8556,150
8557,143
8558,137
8559,121
8560,114
8561,117
8562,120
8563,103
8564,120
8565,118
8566,113
8567,116
8568,117
8569,123
8570,122
8571,131
8572,126
8573,118
8574,113
8575,119
8576,112
8577,120
8578,112
8579,139
8580,124
8581,129
8582,103
8583,114
8584,115
8585,118
8586,120
8587,106
8588,128
8589,109
8590,121
8591,114
8592,130
8593,126
8594,109
8595,124
8596,134
8597,115
8598,116
8599,117
8600,113
8601,119
8602,120
8603,120
8604,133
8605,115
8606,117
8607,108
8608,108
8609,108
8610,123
8611,117
8612,128
8613,124
8614,102
8615,109
8616,126
8617,129
8618,119
8619,112
8620,117
8621,122
8622,116
8623,119
8624,127
8625,112
8626,112
8627,118
8628,123
8629,110
8630,104
8631,139
8632,107
8633,130
8634,129
8635,123
8636,120
8637,110
8638,114
8639,96
8640,116
8641,118
8642,123
8643,142
8644,106
8645,136
8646,121
8647,125
8648,115
8649,118
8650,109
8651,121
8652,147
8653,118
8654,113
8655,96
8656,123
8657,104
8658,119
8659,114
8660,134
8661,135
8662,131
8663,139
8664,114
8665,99
8666,119
8667,134
8668,94
8669,106
8670,104
8671,104
8672,114
8673,122
8674,116
8675,105
8676,128
8677,113
8678,108
8679,118
8680,112
8681,123
8682,128
8683,128
8684,126
8685,114
8686,112
8687,107
8688,131
8689,107
8690,120
8691,112
8692,107
8693,137
8694,117
8695,119
8696,137
8697,133
8698,122
8699,113
8700,124
8701,126
8702,118
8703,107
8704,119
8705,122
8706,135
8707,121
8708,117
8709,116
8710,121
8711,117
8712,121
8713,137
8714,102
8715,120
8716,128
8717,111
8718,116
8719,134
8720,117
8721,114
8722,114
8723,118
8724,107
8725,121
8726,128
8727,146
8728,111
8729,113
8730,113
8731,111
8732,93
8733,121
8734,119
8735,119
8736,117
8737,120
8738,112
8739,114
8740,120
8741,126
8742,107
8743,108
8744,102
8745,124
8746,109
8747,140
8748,109
8749,120
8750,98
8751,103
8752,97
8753,119
8754,113
8755,133
8756,115
8757,118
8758,125
8759,91
8760,92
8761,120
8762,115
8763,116
8764,109
8765,118
8766,121
8767,121
8768,122
8769,132
8770,114
8771,139
8772,130
8773,117
8774,132
8775,128
8776,122
8777,125
8778,128
8779,119
8780,117
8781,131
8782,124
8783,114
8784,141
8785,127
8786,129
8787,118
8788,141
8789,109
8790,129
8791,118
8792,130
8793,136
8794,113
8795,123
8796,114
8797,123
8798,99
8799,124
8800,102
8801,110
8802,133
8803,127
8804,114
8805,123
8806,116
8807,122
8808,98
8809,118
8810,140
8811,122
8812,122
8813,106
8814,127
8815,111
8816,102
8817,146
8818,121
8819,133
8820,130
8821,117
8822,121
8823,149
8824,119
8825,115
8826,120
8827,117
8828,128
8829,121
8830,119
8831,113
8832,120
8833,101
8834,126
8835,121
8836,117
8837,116
8838,125
8839,124
8840,123
8841,117
8842,114
8843,109
8844,132
8845,110
8846,120
8847,143
8848,105
8849,113
8850,103
8851,117
8852,106
8853,130
8854,113
8855,134
8856,126
8857,113
8858,120
8859,104
8860,112
8861,106
8862,121
8863,137
8864,126
8865,106
8866,109
8867,117
8868,134
8869,124
8870,110
8871,98
8872,115
8873,122
8874,126
8875,118
8876,114
8877,136
8878,108
8879,132
8880,115
8881,123
8882,124
8883,110
8884,127
8885,125
8886,109
8887,142
8888,127
8889,134
8890,129
8891,122
8892,139
8893,126
8894,123
8895,121
8896,114
8897,128
8898,118
8899,118
8900,127
8901,109
8902,140
8903,134
8904,122
8905,106
8906,128
8907,132
8908,121
8909,124
8910,139
8911,117
8912,125
8913,113
8914,109
8915,133
8916,100
8917,111
8918,117
8919,131
8920,136
8921,119
8922,131
8923,122
8924,133
8925,111
8926,114
8927,122
8928,129
8929,112
8930,131
8931,114
8932,96
8933,123
8934,134
8935,122
8936,109
8937,137
8938,122
8939,132
8940,132
8941,118
8942,120
8943,112
8944,123
8945,115
8946,117
8947,120
8948,113
8949,115
8950,105
8951,100
8952,108
8953,127
8954,106
8955,118
8956,116
8957,112
8958,131
8959,111
8960,130
8961,121
8962,118
8963,112
8964,123
8965,123
8966,127
8967,120
8968,121
8969,130
8970,109
8971,123
8972,91
8973,119
8974,121
8975,114
8976,120
8977,105
8978,133
8979,109
8980,101
8981,120
8982,114
8983,112
8984,117
8985,107
8986,102
8987,128
8988,128
8989,122
8990,101
8991,101
8992,135
8993,123
8994,112
8995,120
8996,118
8997,117
8998,117
8999,128
9000,133
9001,119
9002,109
9003,138
9004,111
9005,106
9006,117
9007,118
9008,113
9009,134
9010,115
9011,102
9012,128
9013,118
9014,112
9015,105
9016,126
9017,133
9018,121
9019,115
9020,121
9021,117
9022,122
9023,114
9024,122
9025,109
9026,137
9027,129
9028,124
9029,127
9030,128
9031,128
9032,108
9033,107
9034,128
9035,109
9036,112
9037,111
9038,109
9039,119
9040,127
9041,107
9042,119
9043,120
9044,133
9045,125
9046,111
9047,134
9048,102
9049,123
9050,110
9051,115
9052,114
9053,140
9054,109
9055,129
9056,121
9057,114
9058,112
9059,136
9060,128
9061,112
9062,132
9063,110
9064,149
9065,103
9066,119
9067,121
9068,116
9069,125
9070,116
9071,131
9072,128
9073,127
9074,136
9075,121
9076,116
9077,110
9078,133
9079,116
9080,114
9081,123
9082,108
9083,120
9084,106
9085,106
9086,114
9087,113
9088,128
9089,121
9090,115
9091,133
9092,121
9093,120
9094,111
9095,133
9096,130
9097,121
9098,118
9099,127
9100,115
9101,115
9102,117
9103,121
9104,117
9105,122
9106,149
9107,123
9108,126
9109,112
9110,99
9111,117
9112,114
9113,135
9114,133
9115,127
9116,115
9117,108
9118,115
9119,124
9120,124
9121,131
9122,132
9123,126
9124,128
9125,116
9126,113
9127,118
9128,110
9129,117
9130,118
9131,117
9132,119
9133,116
9134,114
9135,128
9136,123
9137,131
9138,125
9139,104
9140,119
9141,104
9142,124
9143,123
9144,124
9145,112
9146,128
9147,121
9148,110
9149,119
9150,115
9151,123
9152,118
9153,123
9154,116
9155,121
9156,134
9157,92
9158,104
9159,123
9160,127
9161,126
9162,94
9163,130
9164,150
9165,125
9166,123
9167,131
9168,122
9169,105
9170,111
9171,139
9172,138
9173,125
9174,103
9175,107
9176,120
9177,107
9178,107
9179,118
9180,131
9181,136
9182,109
9183,123
9184,122
9185,131
9186,101
9187,138
9188,104
9189,107
9190,119
9191,120
9192,127
9193,114
9194,118
9195,120
9196,133
9197,126
9198,107
9199,116
9200,137
9201,130
9202,121
9203,118
9204,125
9205,122
9206,100
9207,115
9208,135
9209,128
9210,130
9211,118
9212,137
9213,128
9214,132
9215,114
9216,114
9217,98
9218,119
9219,120
9220,102
9221,129
9222,126
9223,132
9224,124
9225,109
9226,105
9227,116
9228,130
9229,141
9230,138
9231,142
9232,129
9233,111
9234,123
9235,139
9236,124
9237,115
9238,135
9239,110
9240,129
9241,137
9242,142
9243,116
9244,119
9245,123
9246,117
9247,106
9248,127
9249,132
9250,139
9251,106
9252,125
9253,127
9254,127
9255,104
9256,118
9257,110
9258,127
9259,122
9260,104
9261,138
9262,137
9263,108
9264,97
9265,119
9266,132
9267,123
9268,119
9269,122
9270,137
9271,112
9272,108
9273,110
9274,132
9275,118
9276,124
9277,125
9278,117
9279,134
9280,114
9281,134
9282,111
9283,132
9284,118
9285,123
9286,112
9287,109
9288,114
9289,117
9290,115
9291,120
9292,128
9293,127
9294,95
9295,135
9296,110
9297,116
9298,119
9299,121
9300,126
9301,114
9302,135
9303,114
9304,101
9305,116
9306,136
9307,121
9308,130
9309,122
9310,110
9311,99
9312,123
9313,114
9314,130
9315,116
9316,122
9317,132
9318,116
9319,122
9320,122
9321,103
9322,123
9323,105
9324,133
9325,122
9326,124
9327,109
9328,142
9329,96
9330,127
9331,130
9332,111
9333,110
9334,130
9335,116
9336,110
9337,134
9338,114
9339,124
9340,124
9341,128
9342,107
9343,125
9344,128
9345,135
9346,130
9347,122
9348,138
9349,90
9350,110
9351,120
9352,128
9353,139
9354,108
9355,112
9356,97
9357,109
9358,99
9359,119
9360,116
9361,105
9362,118
9363,116
9364,102
9365,120
9366,115
9367,119
9368,120
9369,118
9370,117
9371,115
9372,112
9373,108
9374,131
9375,110
9376,145
9377,121
9378,128
9379,117
9380,104
9381,122
9382,105
9383,140
9384,131
9385,107
9386,104
9387,128
9388,132
9389,132
9390,134
9391,120
9392,118
9393,131
9394,106
9395,119
9396,120
9397,126
9398,131
9399,129
9400,117
9401,105
9402,119
9403,124
9404,132
9405,123
9406,108
9407,126
9408,112
9409,102
9410,122
9411,97
9412,139
9413,115
9414,103
9415,119
9416,103
9417,148
9418,126
9419,119
9420,108
9421,116
9422,123
9423,132
9424,127
9425,120
9426,123
9427,111
9428,135
9429,100
9430,109
9431,139
9432,108
9433,116
9434,109
9435,118
9436,123
9437,133
9438,128
9439,129
9440,89
9441,145
9442,109
9443,129
9444,122
9445,123
9446,107
9447,126
9448,132
9449,99
9450,123
9451,98
9452,108
9453,135
9454,139
9455,106
9456,124
9457,113
9458,125
9459,117
9460,131
9461,104
9462,119
9463,106
9464,123
9465,110
9466,124
9467,102
9468,112
9469,116
9470,122
9471,111
9472,123
9473,122
9474,124
9475,131
9476,110
9477,124
9478,112
9479,119
9480,139
9481,102
9482,117
9483,134
9484,117
9485,121
9486,117
9487,107
9488,115
9489,126
9490,135
9491,112
9492,117
9493,139
9494,110
9495,118
9496,115
9497,128
9498,141
9499,113
9500,135
9501,142
9502,110
9503,132
9504,108
9505,108
9506,118
9507,130
9508,118
9509,130
9510,124
9511,108
9512,139
9513,107
9514,125
9515,116
9516,127
9517,117
9518,137
9519,123
9520,127
9521,116
9522,110
9523,141
9524,119
9525,103
9526,110
9527,120
9528,136
9529,112
9530,118
9531,135
9532,115
9533,92
9534,126
9535,102
9536,114
9537,130
9538,112
9539,115
9540,131
9541,119
9542,121
9543,118
9544,105
9545,135
9546,96
9547,103
9548,130
9549,126
9550,113
9551,117
9552,113
9553,124
9554,120
9555,108
9556,104
9557,119
9558,116
9559,127
9560,111
9561,126
9562,132
9563,118
9564,128
9565,110
9566,133
9567,139
9568,116
9569,106
9570,145
9571,113
9572,99
9573,108
9574,92
9575,112
9576,97
9577,119
9578,96
9579,108
9580,116
9581,123
9582,108
9583,99
9584,120
9585,108
9586,114
9587,126
9588,136
9589,111
9590,115
9591,124
9592,118
9593,128
9594,112
9595,111
9596,118
9597,116
9598,129
9599,134
9600,138
9601,127
9602,101
9603,124
9604,114
9605,108
9606,133
9607,111
9608,96
9609,120
9610,135
9611,119
9612,116
9613,109
9614,132
9615,126
9616,130
9617,116
9618,101
9619,117
9620,119
9621,114
9622,136
9623,126
9624,109
9625,151
9626,114
9627,128
9628,123
9629,134
9630,114
9631,129
9632,131
9633,112
9634,116
9635,130
9636,125
9637,121
9638,117
9639,120
9640,116
9641,124
9642,107
9643,124
9644,109
9645,117
9646,139
9647,107
9648,126
9649,114
9650,113
9651,108
9652,124
9653,124
9654,118
9655,135
9656,134
9657,141
9658,109
9659,126
9660,109
9661,120
9662,116
9663,118
9664,126
9665,139
9666,97
9667,129
9668,131
9669,132
9670,122
9671,130
9672,128
9673,135
9674,115
9675,111
9676,124
9677,128
9678,114
9679,131
9680,112
9681,106
9682,102
9683,142
9684,134
9685,120
9686,118
9687,127
9688,117
9689,137
9690,124
9691,113
9692,131
9693,120
9694,142
9695,117
9696,121
9697,114
9698,117
9699,108
9700,117
9701,114
9702,96
9703,133
9704,114
9705,109
9706,111
9707,120
9708,114
9709,134
9710,128
9711,121
9712,118
9713,131
9714,122
9715,133
9716,133
9717,117
9718,123
9719,109
9720,141
9721,99
9722,137
9723,124
9724,121
9725,102
9726,124
9727,108
9728,113
9729,128
9730,108
9731,120
9732,146
9733,128
9734,118
9735,124
9736,123
9737,105
9738,111
9739,122
9740,133
9741,127
9742,99
9743,114
9744,108
9745,113
9746,113
9747,122
9748,115
9749,130
9750,118
9751,122
9752,115
9753,119
9754,116
9755,120
9756,98
9757,131
9758,108
9759,134
9760,98
9761,138
9762,118
9763,123
9764,133
9765,149
9766,108
9767,118
9768,116
9769,120
9770,138
9771,113
9772,121
9773,121
9774,130
9775,123
9776,105
9777,134
9778,126
9779,116
9780,114
9781,118
9782,138
9783,116
9784,133
9785,107
9786,128
9787,117
9788,143
9789,114
9790,125
9791,127
9792,118
9793,120
9794,126
9795,120
9796,111
9797,109
9798,109
9799,128
9800,111
9801,122
9802,133
9803,115
9804,111
9805,119
9806,110
9807,119
9808,111
9809,111
9810,131
9811,138
9812,115
9813,113
9814,116
9815,129
9816,123
9817,129
9818,110
9819,102
9820,128
9821,116
9822,111
9823,114
9824,134
9825,98
9826,117
9827,109
9828,117
9829,110
9830,127
9831,136
9832,120
9833,117
9834,104
9835,129
9836,129
9837,117
9838,118
9839,113
9840,114
9841,119
9842,146
9843,120
9844,117
9845,103
9846,125
9847,123
9848,125
9849,119
9850,119
9851,128
9852,104
9853,117
9854,129
9855,97
9856,141
9857,130
9858,123
9859,123
9860,126
9861,110
9862,109
9863,108
9864,127
9865,145
9866,108
9867,112
9868,121
9869,114
9870,132
9871,118
9872,119
9873,119
9874,121
9875,112
9876,127
9877,110
9878,134
9879,138
9880,124
9881,124
9882,126
9883,128
9884,127
9885,107
9886,133
9887,101
9888,121
9889,121
9890,131
9891,107
9892,146
9893,106
9894,134
9895,129
9896,121
9897,130
9898,125
9899,116
9900,122
9901,123
9902,134
9903,108
9904,123
9905,127
9906,132
9907,117
9908,116
9909,104
9910,142
9911,119
9912,117
9913,126
9914,120
9915,87
9916,110
9917,126
9918,105
9919,112
9920,148
9921,123
9922,136
9923,125
9924,115
9925,116
9926,115
9927,121
9928,108
9929,117
9930,124
9931,108
9932,114
9933,121
9934,114
9935,119
9936,109
9937,116
9938,111
9939,124
9940,114
9941,98
9942,116
9943,108
9944,116
9945,146
9946,131
9947,131
9948,106
9949,121
9950,121
9951,135
9952,122
9953,127
9954,108
9955,124
9956,122
9957,123
9958,122
9959,118
9960,112
9961,128
9962,107
9963,118
9964,107
9965,129
9966,103
9967,138
9968,138
9969,109
9970,110
9971,114
9972,121
9973,123
9974,112
9975,144
9976,112
9977,126
9978,128
9979,107
9980,124
9981,125
9982,114
9983,114
9984,113
9985,91
9986,124
9987,114
9988,145
9989,116
9990,127
9991,159
9992,138
9993,107
9994,131
9995,100
9996,134
9997,111
9998,117
9999,109
